date,Real_GDP_Growth,Ind_Prod_YoY,Retail_Sales_YoY,Mfg_PMI_Proxy,Unemployment_Rate,NFP_3Mo_Avg,Initial_Claims_4Wk,Prime_Age_LFPR,Core_CPI_YoY,Core_PCE_YoY,Sticky_CPI,Trimmed_Mean_PCE,5Y_Breakeven,Fed_Funds_Rate,2s10s_Curve,10Y_Real_Yield,10Y_minus_3Mo,Mortgage_30Y,HY_Credit_Spread,IG_Credit_Spread,Chicago_Fed_NFCI,SLOOS_Lending_Stds,Real_GDP_Growth_Q,ISM_Mfg_PMI,Industrial_Production_YoY,Nonfarm_Payrolls_3M_Avg,Initial_Jobless_Claims_4Wk_Avg,Five_Year_Breakeven_Inflation,Federal_Funds_Effective_Rate,Two_s_Ten_s_Curve,TenY_Real_Yield,TenY_minus_ThreeM_Treasury,Mortgage_Rates,HY_Credit_Spreads,IG_Credit_Spreads,SLOOS_C_and_I_Lending_Standards
2011-01-31,-2.8,4.632504538708293,7.461374903050189,3.5999999999999996,-0.7000000000000011,72.33333333333333,-11.425630468347913,-0.7000000000000028,0.9835337415527112,1.1234446334258408,0.9539952,1.0,0.050000000000000044,0.06000000000000001,0.029999999999999805,-0.21999999999999997,-0.2799999999999998,-0.1800000000000006,,,-0.39499999999999996,-5.0,-2.8,3.5999999999999996,4.632504538708293,72.33333333333333,-11.425630468347913,0.050000000000000044,0.06000000000000001,0.029999999999999805,-0.21999999999999997,-0.2799999999999998,-0.1800000000000006,,,-5.0
2011-02-28,-2.8,3.827364378514675,8.214559161316926,14.8,-0.8000000000000007,102.66666666666667,-17.34431291816778,-0.7000000000000028,1.124445592146106,1.2119043892404369,1.117829,1.16,0.31999999999999984,0.03,-0.06999999999999984,-0.44999999999999996,-0.20999999999999996,-0.09999999999999964,,,-0.32899999999999996,-5.0,-2.8,14.8,3.827364378514675,102.66666666666667,-17.34431291816778,0.31999999999999984,0.03,-0.06999999999999984,-0.44999999999999996,-0.20999999999999996,-0.09999999999999964,,,-5.0
2011-03-31,-2.8,4.193025357503588,6.859591784975239,22.3,-0.9000000000000004,151.0,-13.66294524189261,-0.7000000000000028,1.2097851736773357,1.2145703792183493,1.179972,1.29,0.3799999999999999,-0.01999999999999999,-0.1499999999999999,-0.6100000000000001,-0.30000000000000027,-0.1299999999999999,,,-0.13300000000000006,-5.0,-2.8,22.3,4.193025357503588,151.0,-13.66294524189261,0.3799999999999999,-0.01999999999999999,-0.1499999999999999,-0.6100000000000001,-0.30000000000000027,-0.1299999999999999,,,-5.0
2011-04-30,-1.1999999999999997,3.505332834432129,6.55988384223809,-3.0999999999999996,-0.8000000000000007,253.33333333333334,-8.955223880597018,-0.8999999999999915,1.3155392125784537,1.3947001394700065,1.210295,1.42,0.4400000000000004,-0.1,-0.010000000000000231,-0.54,-0.25,-0.27999999999999936,,,-0.249,-9.299999999999999,-1.1999999999999997,-3.0999999999999996,3.505332834432129,253.33333333333334,-8.955223880597018,0.4400000000000004,-0.1,-0.010000000000000231,-0.54,-0.25,-0.27999999999999936,,,-9.299999999999999
2011-05-31,-1.1999999999999997,2.248891889831528,7.394092106856398,-16.0,-0.5999999999999996,215.33333333333334,-8.450704225352112,-0.5999999999999943,1.4540961794335727,1.5235611430609364,1.256079,1.56,0.31000000000000005,-0.11000000000000001,0.050000000000000266,-0.52,-0.1599999999999997,-0.1800000000000006,,,-0.49100000000000005,-9.299999999999999,-1.1999999999999997,-16.0,2.248891889831528,215.33333333333334,-8.450704225352112,0.31000000000000005,-0.11000000000000001,0.050000000000000266,-0.52,-0.1599999999999997,-0.1800000000000006,,,-9.299999999999999
2011-06-30,-1.1999999999999997,2.3688810428642126,8.38951159542416,-15.5,-0.3000000000000007,216.0,-9.17480998914224,-0.5,1.5836776766096738,1.5863290518787654,1.29395,1.62,0.48999999999999977,-0.09,0.3700000000000001,-0.3999999999999999,0.3599999999999999,-0.1800000000000006,,,-0.449,-9.299999999999999,-1.1999999999999997,-15.5,2.3688810428642126,216.0,-9.17480998914224,0.48999999999999977,-0.09,0.3700000000000001,-0.3999999999999999,0.3599999999999999,-0.1800000000000006,,,-9.299999999999999
2011-07-31,-3.2,2.484132372991299,8.006052725452516,-0.6000000000000005,-0.40000000000000036,131.66666666666666,-10.694896851248647,-0.5,1.741483445742964,1.7344517595160758,1.41844,1.7,0.6399999999999999,-0.10999999999999999,0.06999999999999984,-0.7599999999999999,-0.06999999999999984,0.009999999999999787,,,-0.15000000000000002,-13.0,-3.2,-0.6000000000000005,2.484132372991299,131.66666666666666,-10.694896851248647,0.6399999999999999,-0.10999999999999999,0.06999999999999984,-0.7599999999999999,-0.06999999999999984,0.009999999999999787,,,-13.0
2011-08-31,-3.2,2.7992943499441703,7.63829226663002,-23.200000000000003,-0.5,140.66666666666666,-13.78947368421053,-0.4000000000000057,1.9651571719433658,1.8396305158310478,1.651442,1.79,0.53,-0.09,0.029999999999999805,-0.77,-0.1200000000000001,-0.14000000000000057,,,0.129,-13.0,-3.2,-23.200000000000003,2.7992943499441703,140.66666666666666,-13.78947368421053,0.53,-0.09,0.029999999999999805,-0.77,-0.1200000000000001,-0.14000000000000057,,,-13.0
2011-09-30,-3.2,2.4123837996766095,7.9116017706904795,-15.2,-0.5,137.66666666666666,-7.88313120176406,-0.5,1.9877227562006272,1.8508219696126815,1.721515,1.84,0.19999999999999996,-0.11,-0.43999999999999995,-0.58,-0.4700000000000002,-0.3100000000000005,,,0.29000000000000004,-13.0,-3.2,-15.2,2.4123837996766095,137.66666666666666,-7.88313120176406,0.19999999999999996,-0.11,-0.43999999999999995,-0.58,-0.4700000000000002,-0.3100000000000005,,,-13.0
2011-10-31,2.4999999999999996,3.4162150732061747,7.296716870429365,5.9,-0.5999999999999996,187.0,-10.123042505592839,-0.5,2.1079204796465634,1.744721966171725,1.835844,1.93,0.3999999999999999,-0.12,-0.3700000000000001,-0.42,-0.34999999999999964,-0.13000000000000078,,,0.326,4.6,2.4999999999999996,5.9,3.4162150732061747,187.0,-10.123042505592839,0.3999999999999999,-0.12,-0.3700000000000001,-0.42,-0.34999999999999964,-0.13000000000000078,,,4.6
2011-11-30,2.4999999999999996,3.3174195787687877,6.669077757685349,-15.100000000000001,-1.200000000000001,188.33333333333334,-8.680351906158357,-0.5,2.138204538395394,1.8278615794143915,1.835434,1.99,0.21999999999999997,-0.11,-0.5299999999999998,-0.71,-0.5700000000000003,-0.4200000000000004,,,0.374,4.6,2.4999999999999996,-15.100000000000001,3.3174195787687877,188.33333333333334,-8.680351906158357,0.21999999999999997,-0.11,-0.5299999999999998,-0.71,-0.5700000000000003,-0.4200000000000004,,,4.6
2011-12-31,2.4999999999999996,2.859134467066693,6.079358194812401,-13.0,-0.8000000000000007,181.33333333333334,-10.886377156454497,-0.30000000000001137,2.276662633858506,1.9749609110768507,2.045078,2.06,-0.24,-0.10999999999999999,-1.05,-1.07,-1.31,-0.9100000000000001,,,0.371,4.6,2.4999999999999996,-13.0,2.859134467066693,181.33333333333334,-10.886377156454497,-0.24,-0.10999999999999999,-1.05,-1.07,-1.31,-0.9100000000000001,,,4.6
2012-01-31,4.3,3.6910016324102957,6.349445929406072,-9.0,-0.7999999999999989,231.0,-12.20220801859384,-0.20000000000000284,2.2773481506083826,2.0614792192271914,2.113351,2.09,-0.08000000000000007,-0.09000000000000001,-1.2299999999999998,-1.36,-1.5,-0.8199999999999998,,,0.26799999999999996,15.9,4.3,-9.0,3.6910016324102957,231.0,-12.20220801859384,-0.08000000000000007,-0.09000000000000001,-1.2299999999999998,-1.36,-1.5,-0.8199999999999998,,,15.9
2012-02-29,4.3,4.439148449901298,6.758282876386157,-18.5,-0.6999999999999993,273.0,-9.526774595267751,-0.09999999999999432,2.1598204405657295,2.0258477852645562,2.01608,2.02,-0.15999999999999992,-0.06,-1.05,-1.31,-1.37,-1.0,,,0.16399999999999992,15.9,4.3,-18.5,4.439148449901298,273.0,-9.526774595267751,-0.15999999999999992,-0.06,-1.05,-1.31,-1.37,-1.0,,,15.9
2012-03-31,4.3,2.8286925428470555,6.182455667183606,-27.7,-0.8000000000000007,286.6666666666667,-10.221674876847286,-0.20000000000000284,2.2483374654291177,2.044845423362407,2.122799,2.02,-0.18999999999999995,-0.010000000000000009,-0.77,-1.08,-1.2199999999999998,-0.8700000000000001,,,0.11100000000000004,15.9,4.3,-27.7,2.8286925428470555,286.6666666666667,-10.221674876847286,-0.18999999999999995,-0.010000000000000009,-0.77,-1.08,-1.2199999999999998,-0.8700000000000001,,,15.9
2012-04-30,-0.9000000000000001,3.9040297563633697,5.164154283568467,-7.2,-0.9000000000000004,193.0,-10.597189695550346,-0.29999999999999716,2.314427851801515,1.9653370013755112,2.191796,1.99,-0.3900000000000001,0.04000000000000001,-1.03,-1.05,-1.4299999999999997,-0.9000000000000004,,,0.21899999999999997,9.499999999999998,-0.9000000000000001,-7.2,3.9040297563633697,193.0,-10.597189695550346,-0.3900000000000001,0.04000000000000001,-1.03,-1.05,-1.4299999999999997,-0.9000000000000004,,,9.499999999999998
2012-05-31,-0.9000000000000001,4.0185114178595605,5.065972268828611,-7.0,-0.8000000000000007,141.0,-11.597633136094675,-0.29999999999999716,2.252258280361308,1.826744683887549,2.188203,1.92,-0.28,0.07,-1.28,-1.3,-1.4700000000000002,-0.8499999999999996,,,0.29700000000000004,9.499999999999998,-0.9000000000000001,-7.0,4.0185114178595605,141.0,-11.597633136094675,-0.28,0.07,-1.28,-1.3,-1.4700000000000002,-0.8499999999999996,,,9.499999999999998
2012-06-30,-0.9000000000000001,3.7105509068513065,3.278601229542022,-12.1,-0.9000000000000004,88.33333333333333,-9.205020920502093,-0.20000000000000284,2.192285611289857,1.8192584794552102,2.238926,1.9,-0.30999999999999983,0.07,-1.39,-1.21,-1.5699999999999998,-0.8499999999999996,,,0.242,9.499999999999998,-0.9000000000000001,-12.1,3.7105509068513065,88.33333333333333,-9.205020920502093,-0.30999999999999983,0.07,-1.39,-1.21,-1.5699999999999998,-0.8499999999999996,,,9.499999999999998
2012-07-31,0.7,3.418677881567289,3.7939282232675176,-19.799999999999997,-0.8000000000000007,110.66666666666667,-9.422492401215809,0.0,2.109955687378462,1.7738650548584145,2.260479,1.84,-0.23999999999999977,0.09,-1.18,-1.0699999999999998,-1.3200000000000003,-1.0599999999999996,,,0.025000000000000022,12.3,0.7,-19.799999999999997,3.418677881567289,110.66666666666667,-9.422492401215809,-0.23999999999999977,0.09,-1.18,-1.0699999999999998,-1.3200000000000003,-1.0599999999999996,,,12.3
2012-08-31,0.7,2.285596731143258,4.965678710158028,17.0,-0.9000000000000004,135.66666666666666,-8.852258852258855,-0.19999999999998863,1.9352524993137443,1.6359225422913903,2.17107,1.79,0.22999999999999998,0.03,-0.6799999999999997,-0.8600000000000001,-0.73,-0.6299999999999999,,,-0.325,12.3,0.7,17.0,2.285596731143258,135.66666666666666,-8.852258852258855,0.22999999999999998,0.03,-0.6799999999999997,-0.8600000000000001,-0.73,-0.6299999999999999,,,12.3
2012-09-30,0.7,2.2951570495009843,4.641329116255566,10.899999999999999,-1.2000000000000002,168.0,-7.959305804907246,0.0,2.0082434834909124,1.6916020530741482,2.219253,1.79,0.6099999999999999,0.06000000000000001,-0.25,-0.9400000000000001,-0.34999999999999987,-0.6099999999999999,,,-0.49000000000000005,12.3,0.7,10.899999999999999,2.2951570495009843,168.0,-7.959305804907246,0.6099999999999999,0.06000000000000001,-0.25,-0.9400000000000001,-0.34999999999999987,-0.6099999999999999,,,12.3
2012-10-31,-4.1,1.9430024786973865,3.9996651029416075,-7.4,-1.0000000000000009,170.66666666666666,-8.276291225886744,0.29999999999999716,1.9946491483669337,1.889449210819305,2.206525,1.78,0.2400000000000002,0.09,-0.5,-0.86,-0.55,-0.6899999999999995,,,-0.44800000000000006,-1.6999999999999993,-4.1,-7.4,1.9430024786973865,170.66666666666666,-8.276291225886744,0.2400000000000002,0.09,-0.5,-0.86,-0.55,-0.6899999999999995,,,-1.6999999999999993
2012-11-30,-4.1,2.3257536633332743,4.247539264830924,-14.6,-0.8999999999999995,162.0,3.0828516377649384,-0.29999999999999716,1.9528512686261434,1.7830690135935745,2.195661,1.7,0.24999999999999978,0.08,-0.45999999999999996,-0.8200000000000001,-0.5299999999999998,-0.6600000000000001,,,-0.48300000000000004,-1.6999999999999993,-4.1,-14.6,2.3257536633332743,162.0,3.0828516377649384,0.24999999999999978,0.08,-0.45999999999999996,-0.8200000000000001,-0.5299999999999998,-0.6600000000000001,,,-1.6999999999999993
2012-12-31,-4.1,2.0268355938483085,4.455382371707217,0.10000000000000009,-0.5999999999999996,185.66666666666666,-5.206942590120156,-0.19999999999998863,1.8996943778720743,1.6898651587646807,2.107127,1.62,0.4999999999999998,0.09,-0.10999999999999988,-0.6000000000000001,-0.14000000000000012,-0.6000000000000001,,,-0.45199999999999996,-1.6999999999999993,-4.1,0.10000000000000009,2.0268355938483085,185.66666666666666,-5.206942590120156,0.4999999999999998,0.09,-0.10999999999999988,-0.6000000000000001,-0.14000000000000012,-0.6000000000000001,,,-1.6999999999999993
2013-01-31,0.6000000000000001,1.4467904237824847,4.361715578882719,-8.9,-0.3000000000000007,196.0,-6.551952349437462,-0.4000000000000057,1.9098022178631435,1.5915867078657886,2.065935,1.57,0.4500000000000002,0.06000000000000001,0.1399999999999999,-0.2899999999999999,0.17999999999999994,-0.4500000000000002,,,-0.321,-12.8,0.6000000000000001,-8.9,1.4467904237824847,196.0,-6.551952349437462,0.4500000000000002,0.06000000000000001,0.1399999999999999,-0.2899999999999999,0.17999999999999994,-0.4500000000000002,,,-12.8
2013-02-28,0.6000000000000001,1.5945538776370727,4.284366954704177,-15.8,-0.6000000000000005,240.33333333333334,-2.821748107364075,-0.5,1.9887385214485631,1.5601316530249987,2.143683,1.61,0.19000000000000017,0.04999999999999999,-0.040000000000000036,-0.36,-0.11999999999999988,-0.4400000000000004,,,-0.244,-12.8,0.6000000000000001,-15.8,1.5945538776370727,240.33333333333334,-2.821748107364075,0.19000000000000017,0.04999999999999999,-0.040000000000000036,-0.36,-0.11999999999999988,-0.4400000000000004,,,-12.8
2013-03-31,0.6000000000000001,2.534732272069462,3.181372524117476,-6.700000000000001,-0.6999999999999993,205.0,-2.6748971193415683,-0.5,1.8890221377988237,1.4807449119659477,2.096923,1.56,0.2200000000000002,0.010000000000000009,-0.2799999999999998,-0.55,-0.3600000000000001,-0.4200000000000004,,,-0.22900000000000004,-12.8,0.6000000000000001,-6.700000000000001,2.534732272069462,205.0,-2.6748971193415683,0.2200000000000002,0.010000000000000009,-0.2799999999999998,-0.55,-0.3600000000000001,-0.4200000000000004,,,-12.8
2013-04-30,-0.7,1.7145631127746475,3.1009531388287437,-5.3,-0.5999999999999996,205.33333333333334,-9.037328094302556,-0.4000000000000057,1.715558856294086,1.3770626261318197,1.932255,1.42,0.0,0.009999999999999981,-0.19999999999999996,-0.34,-0.20000000000000018,-0.48,,,-0.32699999999999996,-12.200000000000001,-0.7,-5.3,1.7145631127746475,205.33333333333334,-9.037328094302556,0.0,0.009999999999999981,-0.19999999999999996,-0.34,-0.20000000000000018,-0.48,,,-12.200000000000001
2013-05-31,-0.7,1.5594777439077445,3.909539675401663,1.1,-0.6999999999999993,183.33333333333334,-6.89424364123159,-0.20000000000000284,1.6455519491850756,1.3929168238908884,1.905048,1.4,0.15000000000000013,-0.05,0.54,0.45,0.6000000000000001,0.06000000000000005,,,-0.42899999999999994,-12.200000000000001,-0.7,1.1,1.5594777439077445,183.33333333333334,-6.89424364123159,0.15000000000000013,-0.05,0.54,0.45,0.6000000000000001,0.06000000000000005,,,-12.200000000000001
2013-06-30,-0.7,1.7645800035426706,5.161110695770321,25.299999999999997,-0.6999999999999993,196.66666666666666,-9.348255431204745,-0.29999999999999716,1.6230952474272975,1.4636510500807942,1.874046,1.5,0.040000000000000036,-0.07,0.8200000000000001,0.99,0.8999999999999999,0.7999999999999998,,,-0.354,-12.200000000000001,-0.7,25.299999999999997,1.7645800035426706,196.66666666666666,-9.348255431204745,0.040000000000000036,-0.07,0.8200000000000001,0.99,0.8999999999999999,0.7999999999999998,,,-12.200000000000001
2013-07-31,2.9,1.2364196654177428,5.281688333684054,28.6,-0.8999999999999995,172.66666666666666,-7.114093959731549,-0.20000000000000284,1.7002217680567089,1.4879607514040272,1.865294,1.55,0.040000000000000036,-0.07,1.01,1.0699999999999998,1.1600000000000001,0.8199999999999994,,,-0.29300000000000004,-8.600000000000001,2.9,28.6,1.2364196654177428,172.66666666666666,-7.114093959731549,0.040000000000000036,-0.07,1.01,1.0699999999999998,1.1600000000000001,0.8199999999999994,,,-8.600000000000001
2013-08-31,2.9,2.2593571227008002,3.844379556123334,10.6,-0.8999999999999995,183.33333333333334,-11.051574012056264,-0.4000000000000057,1.782107690904433,1.5332509004892136,1.911745,1.54,-0.16999999999999993,-0.05,1.04,1.36,1.27,0.9199999999999999,,,-0.203,-8.600000000000001,2.9,10.6,2.2593571227008002,183.33333333333334,-11.051574012056264,-0.16999999999999993,-0.05,1.04,1.36,1.27,0.9199999999999999,,,-8.600000000000001
2013-09-30,2.9,2.854766330187619,3.108773112117502,20.400000000000002,-0.5999999999999996,180.66666666666666,-18.33550065019506,-0.5,1.7519368418314363,1.529226044094134,1.888205,1.52,-0.3699999999999999,-0.06000000000000001,0.8900000000000001,1.22,1.07,0.9200000000000004,,,-0.14800000000000002,-8.600000000000001,2.9,20.400000000000002,2.854766330187619,180.66666666666666,-18.33550065019506,-0.3699999999999999,-0.06000000000000001,0.8900000000000001,1.22,1.07,0.9200000000000004,,,-8.600000000000001
2013-10-31,3.0,2.4178437626957816,3.498166010052972,14.6,-0.5999999999999996,216.66666666666666,-2.7137042062415184,-1.0,1.686837731144819,1.4548181477315403,1.866698,1.52,-0.3800000000000001,-0.07,0.8399999999999999,1.1800000000000002,0.9199999999999997,0.6899999999999995,,,-0.17499999999999993,-0.7000000000000011,3.0,14.6,2.4178437626957816,216.66666666666666,-2.7137042062415184,-0.3800000000000001,-0.07,0.8399999999999999,1.1800000000000002,0.9199999999999997,0.6899999999999995,,,-0.7000000000000011
2013-11-30,3.0,2.281966236973343,3.2155973860918508,15.399999999999999,-0.7999999999999998,223.66666666666666,-19.065420560747658,-0.20000000000000284,1.7416677473738762,1.5142597249719225,1.890963,1.59,-0.31999999999999984,-0.08,1.1,1.3900000000000001,1.15,0.9700000000000002,,,-0.21399999999999997,-0.7000000000000011,3.0,15.399999999999999,2.281966236973343,223.66666666666666,-19.065420560747658,-0.31999999999999984,-0.08,1.1,1.3900000000000001,1.15,0.9700000000000002,,,-0.7000000000000011
2013-12-31,3.0,2.245344069429267,3.4204037467619797,1.4,-1.2000000000000002,183.66666666666666,-2.5352112676056304,-0.6000000000000085,1.7408566188369834,1.5473618923369736,1.872378,1.65,-0.3999999999999999,-0.07,1.1300000000000001,1.4700000000000002,1.2400000000000002,1.1300000000000003,,,-0.17800000000000005,-0.7000000000000011,3.0,1.4,2.245344069429267,183.66666666666666,-2.5352112676056304,-0.3999999999999999,-0.07,1.1300000000000001,1.4700000000000002,1.2400000000000002,1.1300000000000003,,,-0.7000000000000011
2014-01-31,-5.4,1.8566277042981971,1.7622158374419605,16.8,-1.4000000000000004,173.33333333333334,-7.436260623229463,-0.19999999999998863,1.6070344358370292,1.4524615006989983,1.821944,1.63,-0.6100000000000001,-0.07,0.5800000000000001,1.1,0.7,0.7900000000000005,,,-0.119,-6.299999999999999,-5.4,16.8,1.8566277042981971,173.33333333333334,-7.436260623229463,-0.6100000000000001,-0.07,0.5800000000000001,1.1,0.7,0.7900000000000005,,,-6.299999999999999
2014-02-28,-5.4,2.148610089064018,1.8620544683929818,7.6,-1.0,131.66666666666666,-5.028328611898014,0.09999999999999432,1.5548073904948723,1.3901177975587542,1.789204,1.57,-0.3900000000000001,-0.07999999999999999,0.6900000000000002,1.13,0.8299999999999998,0.8600000000000003,,,-0.126,-6.299999999999999,-5.4,7.6,2.148610089064018,131.66666666666666,-5.028328611898014,-0.3900000000000001,-0.07999999999999999,0.6900000000000002,1.13,0.8299999999999998,0.8600000000000003,,,-6.299999999999999
2014-03-31,-5.4,2.724108069090181,3.6942762965169296,10.5,-0.7999999999999998,204.33333333333334,-9.372797744890772,0.09999999999999432,1.6456609706435588,1.447423075694143,1.821445,1.59,-0.5400000000000003,-0.06000000000000001,0.6699999999999999,1.24,0.8800000000000001,0.8300000000000005,,,-0.11199999999999999,-6.299999999999999,-5.4,10.5,2.724108069090181,204.33333333333334,-9.372797744890772,-0.5400000000000003,-0.06000000000000001,0.6699999999999999,1.24,0.8800000000000001,0.8300000000000005,,,-6.299999999999999
2014-04-30,4.199999999999999,2.9123215934373725,5.272975105818212,16.5,-1.3999999999999995,245.66666666666666,-7.055435565154788,-0.20000000000000284,1.8210555250137483,1.5712658483877373,2.025724,1.72,-0.10000000000000009,-0.06,0.77,1.13,0.9900000000000002,0.9300000000000002,,,-0.06400000000000006,8.000000000000002,4.199999999999999,16.5,2.9123215934373725,245.66666666666666,-7.055435565154788,-0.10000000000000009,-0.06,0.77,1.13,0.9900000000000002,0.9300000000000002,,,8.000000000000002
2014-05-31,4.199999999999999,3.226027611336124,4.813648177792196,18.0,-1.2000000000000002,267.0,-10.567936736161032,-0.5,1.9455269618362525,1.62365625697789,2.127518,1.77,0.05999999999999983,-0.020000000000000004,0.24999999999999978,0.31,0.31999999999999984,0.31000000000000005,,,-0.09800000000000009,8.000000000000002,4.199999999999999,18.0,3.226027611336124,267.0,-10.567936736161032,0.05999999999999983,-0.020000000000000004,0.24999999999999978,0.31,0.31999999999999984,0.31000000000000005,,,8.000000000000002
2014-06-30,4.199999999999999,3.365841732090935,4.751900490536154,1.5,-1.4000000000000004,288.0,-8.932461873638342,-0.20000000000000284,1.9228626526676562,1.5635448842467259,2.142724,1.72,0.24,0.010000000000000009,-0.10000000000000009,-0.26,0.010000000000000231,-0.3200000000000003,,,-0.15300000000000002,8.000000000000002,4.199999999999999,1.5,3.365841732090935,288.0,-8.932461873638342,0.24,0.010000000000000009,-0.10000000000000009,-0.26,0.010000000000000231,-0.3200000000000003,,,8.000000000000002
2014-07-31,1.5,3.9177888079901857,4.341308608031813,5.499999999999998,-1.0999999999999996,258.0,-12.789017341040465,-0.4000000000000057,1.8449632290063356,1.6103213221808854,2.098319,1.73,0.09999999999999987,0.0,-0.2400000000000002,-0.09000000000000002,-0.010000000000000231,-0.1899999999999995,,,-0.07799999999999996,7.400000000000002,1.5,5.499999999999998,3.9177888079901857,258.0,-12.789017341040465,0.09999999999999987,0.0,-0.2400000000000002,-0.09000000000000002,-0.010000000000000231,-0.1899999999999995,,,7.400000000000002
2014-08-31,1.5,3.1253041765382905,5.293745774254255,14.600000000000001,-1.1000000000000005,252.0,-8.509036144578308,0.09999999999999432,1.73639560289498,1.5397485995065185,1.959017,1.69,-0.020000000000000018,0.009999999999999995,-0.52,-0.45000000000000007,-0.43000000000000016,-0.41000000000000014,,,-0.05699999999999994,7.400000000000002,1.5,14.600000000000001,3.1253041765382905,252.0,-8.509036144578308,-0.020000000000000018,0.009999999999999995,-0.52,-0.45000000000000007,-0.43000000000000016,-0.41000000000000014,,,7.400000000000002
2014-09-30,1.5,2.89843352202952,4.912887397450039,1.1999999999999993,-1.2999999999999998,238.0,-6.050955414012737,-0.20000000000000284,1.7409458883681284,1.5548480585553692,1.95017,1.7,-0.17999999999999994,0.009999999999999995,-0.3700000000000001,0.10000000000000003,-0.1200000000000001,-0.1200000000000001,,,0.0030000000000000027,7.400000000000002,1.5,1.1999999999999993,2.89843352202952,238.0,-6.050955414012737,-0.17999999999999994,0.009999999999999995,-0.3700000000000001,0.10000000000000003,-0.1200000000000001,-0.1200000000000001,,,7.400000000000002
2014-10-31,-1.5,2.9919466037849007,4.98396933390699,4.6,-1.5,242.0,-19.456066945606697,0.30000000000001137,1.817632310436279,1.4709143321753215,2.001463,1.68,-0.20999999999999996,0.0,-0.4099999999999997,0.02999999999999997,-0.18999999999999995,-0.11999999999999966,,,0.08099999999999996,-2.1999999999999993,-1.5,4.6,2.9919466037849007,242.0,-19.456066945606697,-0.20999999999999996,0.0,-0.4099999999999997,0.02999999999999997,-0.18999999999999995,-0.11999999999999966,,,-2.1999999999999993
2014-11-30,-1.5,3.3861066751199598,4.981566362307643,31.099999999999998,-1.1000000000000005,273.3333333333333,-9.314857582755964,-0.09999999999999432,1.7415947552462452,1.392578536791067,1.999148,1.64,-0.30000000000000004,0.009999999999999995,-0.7600000000000002,-0.20999999999999996,-0.5299999999999998,-0.31999999999999984,,,0.12,-2.1999999999999993,-1.5,31.099999999999998,3.3861066751199598,273.3333333333333,-9.314857582755964,-0.30000000000000004,0.009999999999999995,-0.7600000000000002,-0.20999999999999996,-0.5299999999999998,-0.31999999999999984,,,-2.1999999999999993
2014-12-31,-1.5,3.170492700276073,3.687935739563941,17.700000000000003,-1.1000000000000005,267.0,-17.77456647398844,0.10000000000000853,1.6224195046636636,1.3563462895293865,1.961226,1.6,-0.41999999999999993,0.03,-1.1600000000000001,-0.31000000000000005,-0.8400000000000003,-0.6100000000000003,,,0.20600000000000007,-2.1999999999999993,-1.5,17.700000000000003,3.170492700276073,267.0,-17.77456647398844,-0.41999999999999993,0.03,-1.1600000000000001,-0.31000000000000005,-0.8400000000000003,-0.6100000000000003,,,-2.1999999999999993
2015-01-31,5.0,2.7262407410550527,4.0448438992032765,-2.0,-0.8999999999999995,256.6666666666667,-12.471308339709253,0.09999999999999432,1.631625565241701,1.2097113523521053,1.976365,1.49,-0.42999999999999994,0.039999999999999994,-1.12,-0.5,-0.99,-0.6600000000000001,,,0.257,8.2,5.0,-2.0,2.7262407410550527,256.6666666666667,-12.471308339709253,-0.42999999999999994,0.039999999999999994,-1.12,-0.5,-0.99,-0.6600000000000001,,,8.2
2015-02-28,5.0,1.30473816054415,2.4915054134991843,8.6,-1.2000000000000002,246.0,-10.14168530947055,-0.19999999999998863,1.6880834938713285,1.2774816263445121,1.972517,1.55,-0.30000000000000004,0.039999999999999994,-0.96,-0.31999999999999995,-0.6299999999999999,-0.5700000000000003,,,0.251,8.2,5.0,8.6,1.30473816054415,246.0,-10.14168530947055,-0.30000000000000004,0.039999999999999994,-0.96,-0.31999999999999995,-0.6299999999999999,-0.5700000000000003,,,8.2
2015-03-31,5.0,-0.0027479483621140055,2.9477957410440903,-5.3999999999999995,-1.2999999999999998,186.33333333333334,-11.66407465007776,-0.29999999999999716,1.7453777073428434,1.2808398950131306,1.989606,1.55,-0.18999999999999995,0.03,-0.9100000000000001,-0.42,-0.7700000000000002,-0.7100000000000004,,,0.237,8.2,5.0,-5.3999999999999995,-0.0027479483621140055,186.33333333333334,-11.66407465007776,-0.18999999999999995,0.03,-0.9100000000000001,-0.42,-0.7700000000000002,-0.7100000000000004,,,8.2
2015-04-30,-2.8,-0.6444572558062966,2.0970705869635786,-7.299999999999999,-0.7999999999999998,209.33333333333334,-11.386522075910143,0.20000000000000284,1.802827832894649,1.2943728841981805,2.05371,1.57,-0.24,0.03,-0.78,-0.38,-0.6000000000000001,-0.6499999999999999,,,0.22299999999999998,5.8,-2.8,-7.299999999999999,-0.6444572558062966,209.33333333333334,-11.386522075910143,-0.24,0.03,-0.78,-0.38,-0.6000000000000001,-0.6499999999999999,,,5.8
2015-05-31,-2.8,-1.460487812501221,2.724203700619121,-12.600000000000001,-0.7000000000000002,237.0,-11.334405144694538,0.3999999999999915,1.7509440952473199,1.2472011216439594,2.056561,1.55,-0.3599999999999999,0.03,-0.5999999999999999,0.06,-0.33000000000000007,-0.25,,,0.242,5.8,-2.8,-12.600000000000001,-1.460487812501221,237.0,-11.334405144694538,-0.3599999999999999,0.03,-0.5999999999999999,0.06,-0.33000000000000007,-0.25,,,5.8
2015-06-30,-2.8,-2.106390227283794,2.4914288388855788,-6.0,-0.7999999999999998,262.0,-12.67942583732058,-0.09999999999999432,1.7772676244655061,1.254154386404971,2.103732,1.57,-0.3899999999999999,0.03,-0.3500000000000001,0.20999999999999996,-0.15000000000000036,-0.1200000000000001,,,0.243,5.8,-2.8,-6.0,-2.106390227283794,262.0,-12.67942583732058,-0.3899999999999999,0.03,-0.3500000000000001,0.20999999999999996,-0.15000000000000036,-0.1200000000000001,,,5.8
2015-07-31,-3.4,-1.6903126553953207,3.238420945666576,-16.799999999999997,-1.0,265.0,-7.953603976801993,-0.09999999999999432,1.8346312894897077,1.1789500041732737,2.130475,1.55,-0.6099999999999999,0.04000000000000001,-0.5199999999999998,0.17000000000000004,-0.4299999999999997,-0.14000000000000012,,,0.239,3.6999999999999993,-3.4,-16.799999999999997,-1.6903126553953207,265.0,-7.953603976801993,-0.6099999999999999,0.04000000000000001,-0.5199999999999998,0.17000000000000004,-0.4299999999999997,-0.14000000000000012,,,3.6999999999999993
2015-08-31,-3.4,-1.6854337113987983,2.4271000674580767,-17.200000000000003,-1.0,195.66666666666666,-8.971193415637856,-0.3999999999999915,1.8506323273421277,1.2212546279397163,2.169207,1.57,-0.5,0.05000000000000002,-0.40000000000000013,0.35,-0.18999999999999995,-0.2599999999999998,,,0.304,3.6999999999999993,-3.4,-17.200000000000003,-1.6854337113987983,195.66666666666666,-8.971193415637856,-0.5,0.05000000000000002,-0.40000000000000013,0.35,-0.18999999999999995,-0.2599999999999998,,,3.6999999999999993
2015-09-30,-3.4,-2.2407414414912674,2.2497088489012995,-25.400000000000002,-0.9000000000000004,188.66666666666666,-8.644067796610166,-0.20000000000000284,1.8970961446650891,1.2321248164310905,2.268536,1.56,-0.49,0.05000000000000002,-0.52,0.09999999999999998,-0.43999999999999995,-0.3400000000000003,,,0.269,3.6999999999999993,-3.4,-25.400000000000002,-2.2407414414912674,188.66666666666666,-8.644067796610166,-0.49,0.05000000000000002,-0.52,0.09999999999999998,-0.43999999999999995,-0.3400000000000003,,,3.6999999999999993
2015-10-31,-1.3,-2.72506606749946,1.5721122566872747,-22.9,-0.7000000000000002,196.0,-7.532467532467535,-0.10000000000000853,1.9135335359607986,1.1779886779886617,2.335492,1.52,-0.33000000000000007,0.03,-0.44000000000000017,0.2,-0.2599999999999998,-0.2200000000000002,,,0.179,17.9,-1.3,-22.9,-2.72506606749946,196.0,-7.532467532467535,-0.33000000000000007,0.03,-0.44000000000000017,0.2,-0.2599999999999998,-0.2200000000000002,,,17.9
2015-11-30,-1.3,-4.033068306068888,1.660074853444704,-39.0,-0.7000000000000002,227.66666666666666,-8.82852292020373,0.0,1.9974275238246353,1.1967020513407034,2.394625,1.49,-0.08999999999999986,0.03,-0.43999999999999995,0.22999999999999998,-0.17000000000000015,-0.020000000000000018,,,0.20600000000000002,17.9,-1.3,-39.0,-4.033068306068888,227.66666666666666,-8.82852292020373,-0.08999999999999986,0.03,-0.43999999999999995,0.22999999999999998,-0.17000000000000015,-0.020000000000000018,,,17.9
2015-12-31,-1.3,-4.496144811599123,2.7990514054544224,-30.700000000000003,-0.5999999999999996,267.3333333333333,-4.7451669595782064,0.0,2.0715072792840905,1.191700692994213,2.437497,1.48,0.040000000000000036,0.12,-0.29000000000000004,0.24,-0.020000000000000018,0.13999999999999968,,,0.21099999999999997,17.9,-1.3,-30.700000000000003,-4.496144811599123,267.3333333333333,-4.7451669595782064,0.040000000000000036,0.12,-0.29000000000000004,0.24,-0.020000000000000018,0.13999999999999968,,,17.9
2016-01-31,-1.3000000000000003,-3.236256019749162,2.629096140193554,-17.8,-0.9000000000000004,210.33333333333334,-1.660839160839156,0.09999999999999432,2.145022538582464,1.4062402560957699,2.460879,1.6,-0.10000000000000009,0.23000000000000004,-0.030000000000000027,0.5,-0.04999999999999982,0.1299999999999999,,,0.20700000000000002,13.7,-1.3000000000000003,-17.8,-3.236256019749162,210.33333333333334,-1.660839160839156,-0.10000000000000009,0.23000000000000004,-0.030000000000000027,0.5,-0.04999999999999982,0.1299999999999999,,,13.7
2016-02-29,-1.3000000000000003,-3.1193297695960798,3.74556037076319,-16.4,-0.5999999999999996,199.33333333333334,-11.452282157676352,0.19999999999998863,2.222573822094165,1.4658859681907055,2.538253,1.59,-0.26,0.27,-0.41000000000000014,0.15,-0.5700000000000001,-0.17999999999999972,,,0.20900000000000002,13.7,-1.3000000000000003,-16.4,-3.1193297695960798,199.33333333333334,-11.452282157676352,-0.26,0.27,-0.41000000000000014,0.15,-0.5700000000000001,-0.17999999999999972,,,13.7
2016-03-31,-1.3000000000000003,-3.515311400177057,1.8930143642178932,1.2000000000000002,-0.40000000000000036,195.0,-7.306338028169012,0.5,2.142426948557663,1.4574479112677619,2.526214,1.62,-0.020000000000000018,0.25,-0.32999999999999985,-0.01999999999999999,-0.33999999999999986,0.020000000000000018,,,0.16900000000000004,13.7,-1.3000000000000003,1.2000000000000002,-3.515311400177057,195.0,-7.306338028169012,-0.020000000000000018,0.25,-0.32999999999999985,-0.01999999999999999,-0.33999999999999986,0.020000000000000018,,,13.7
2016-04-30,-1.2,-2.6579036961380753,2.251939144244708,-11.4,-0.3000000000000007,214.66666666666666,-7.604895104895104,0.20000000000000284,2.156654761214183,1.5199486797450534,2.53143,1.64,-0.11999999999999988,0.25,-0.4099999999999999,0.009999999999999995,-0.42999999999999994,-0.020000000000000018,,,0.16100000000000003,16.9,-1.2,-11.4,-2.6579036961380753,214.66666666666666,-7.604895104895104,-0.11999999999999988,0.25,-0.4099999999999999,0.009999999999999995,-0.42999999999999994,-0.020000000000000018,,,16.9
2016-05-31,-1.2,-2.448153056399993,1.7414043141150914,-11.3,-0.7999999999999998,164.66666666666666,-0.4533091568449721,0.10000000000000853,2.2545595974976074,1.5687328193787042,2.565678,1.68,-0.10000000000000009,0.25,-0.54,-0.020000000000000018,-0.6099999999999999,-0.22999999999999998,,,0.17300000000000004,16.9,-1.2,-11.3,-2.448153056399993,164.66666666666666,-0.4533091568449721,-0.10000000000000009,0.25,-0.54,-0.020000000000000018,-0.6099999999999999,-0.22999999999999998,,,16.9
2016-06-30,-1.2,-1.678117946525337,2.805336670084091,-3.799999999999999,-0.39999999999999947,161.66666666666666,-3.1050228310502304,0.3999999999999915,2.2622116465067066,1.5524039553270974,2.563629,1.66,-0.2300000000000002,0.25,-0.7999999999999999,-0.39,-1.1099999999999999,-0.5399999999999996,,,0.19200000000000006,16.9,-1.2,-3.799999999999999,-1.678117946525337,161.66666666666666,-3.1050228310502304,-0.2300000000000002,0.25,-0.7999999999999999,-0.39,-1.1099999999999999,-0.5399999999999996,,,16.9
2016-07-31,1.2999999999999998,-2.196738284260069,1.7755723601739604,-2.9999999999999996,-0.40000000000000036,222.0,-6.210621062106214,0.5999999999999943,2.1701399624842965,1.5993318072140106,2.569655,1.67,-0.050000000000000044,0.26,-0.74,-0.49,-0.9400000000000002,-0.5,,,0.14200000000000002,15.5,1.2999999999999998,-2.9999999999999996,-2.196738284260069,222.0,-6.210621062106214,-0.050000000000000044,0.26,-0.74,-0.49,-0.9400000000000002,-0.5,,,15.5
2016-08-31,1.2999999999999998,-2.164263084601936,1.8325264966085664,-0.40000000000000036,-0.1999999999999993,253.66666666666666,-4.7016274864376095,0.7000000000000028,2.3087345614186683,1.6969584569733076,2.716347,1.71,0.010000000000000009,0.26,-0.69,-0.47,-0.8799999999999999,-0.4099999999999997,,,0.064,15.5,1.2999999999999998,-0.40000000000000036,-2.164263084601936,253.66666666666666,-4.7016274864376095,0.010000000000000009,0.26,-0.69,-0.47,-0.8799999999999999,-0.4099999999999997,,,15.5
2016-09-30,1.2999999999999998,-1.9939516469206886,2.9984063364608016,16.1,0.0,273.3333333333333,-6.679035250463827,0.9000000000000057,2.271120682569183,1.6852545372237682,2.624799,1.74,0.3799999999999999,0.26,-0.59,-0.65,-0.75,-0.43999999999999995,,,0.067,15.5,1.2999999999999998,16.1,-1.9939516469206886,273.3333333333333,-6.679035250463827,0.3799999999999999,0.26,-0.59,-0.65,-0.75,-0.43999999999999995,,,15.5
2016-10-31,1.5000000000000002,-1.5023811304759715,3.4543519044069493,15.9,-0.09999999999999964,181.66666666666666,-3.183520599250933,0.7000000000000028,2.2045551507991146,1.7824083597317797,2.502268,1.82,0.3900000000000001,0.28,-0.42999999999999994,-0.52,-0.5800000000000001,-0.2899999999999996,,,0.08700000000000002,-5.9,1.5000000000000002,15.9,-1.5023811304759715,181.66666666666666,-3.183520599250933,0.3900000000000001,0.28,-0.42999999999999994,-0.52,-0.5800000000000001,-0.2899999999999996,,,-5.9
2016-11-30,1.5000000000000002,-1.1862778785850958,3.0862837636809193,13.799999999999999,-0.39999999999999947,174.0,-8.472998137802612,0.5,2.1454219398053587,1.7188591624542893,2.518564,1.85,0.47,0.29,-0.010000000000000009,-0.19,-0.10000000000000009,0.08000000000000007,,,0.015000000000000013,-5.9,1.5000000000000002,13.799999999999999,-1.1862778785850958,174.0,-8.472998137802612,0.47,0.29,-0.010000000000000009,-0.19,-0.10000000000000009,0.08000000000000007,,,-5.9
2016-12-31,1.5000000000000002,-0.02049641716570516,3.8801399528213265,31.5,-0.2999999999999998,147.0,-6.549815498154976,0.3999999999999915,2.197123661300271,1.770093227647962,2.585286,1.91,0.53,0.30000000000000004,0.040000000000000036,-0.22999999999999998,-0.16999999999999993,0.3100000000000005,,,-0.10400000000000004,-5.9,1.5000000000000002,31.5,-0.02049641716570516,147.0,-6.549815498154976,0.53,0.30000000000000004,0.040000000000000036,-0.22999999999999998,-0.16999999999999993,0.3100000000000005,,,-5.9
2017-01-31,-0.2999999999999998,-0.8031281419274894,5.676434581969936,28.4,-0.09999999999999964,187.66666666666666,-13.244444444444447,0.4000000000000057,2.2502092221020176,1.863334939067518,2.651739,1.95,0.75,0.31,0.08000000000000007,-0.13,0.31999999999999984,0.40000000000000036,,,-0.187,-6.799999999999999,-0.2999999999999998,28.4,-0.8031281419274894,187.66666666666666,-13.244444444444447,0.75,0.31,0.08000000000000007,-0.13,0.31999999999999984,0.40000000000000036,,,-6.799999999999999
2017-02-28,-0.2999999999999998,-0.6864591168616152,4.776842233541023,47.1,-0.3000000000000007,221.0,-13.683223992502347,0.5,2.2353468290497336,1.867275108455435,2.664566,1.91,0.6599999999999999,0.28,0.17999999999999994,0.020000000000000018,0.42000000000000015,0.54,,,-0.16999999999999998,-6.799999999999999,-0.2999999999999998,47.1,-0.6864591168616152,221.0,-13.683223992502347,0.6599999999999999,0.28,0.17999999999999994,0.020000000000000018,0.42000000000000015,0.54,,,-6.799999999999999
2017-03-31,-0.2999999999999998,0.7162067590550603,4.937807792584015,21.200000000000003,-0.5999999999999996,187.33333333333334,-11.206077872744535,0.29999999999999716,2.045845481938735,1.6786546242183897,2.436586,1.84,0.28,0.43000000000000005,0.07999999999999985,0.27,0.06999999999999984,0.4299999999999997,,,-0.10999999999999999,-6.799999999999999,-0.2999999999999998,21.200000000000003,0.7162067590550603,187.33333333333334,-11.206077872744535,0.28,0.43000000000000005,0.07999999999999985,0.27,0.06999999999999984,0.4299999999999997,,,-6.799999999999999
2017-04-30,0.9999999999999998,1.3993011097695573,4.7319776524240575,23.8,-0.6999999999999993,182.33333333333334,-12.677388836329229,0.5,1.8965650108902388,1.6368213459441172,2.235672,1.78,0.20999999999999996,0.53,-0.050000000000000044,0.25,-0.1200000000000001,0.3700000000000001,,,-0.122,-14.399999999999999,0.9999999999999998,23.8,1.3993011097695573,182.33333333333334,-12.677388836329229,0.20999999999999996,0.53,-0.050000000000000044,0.25,-0.1200000000000001,0.3700000000000001,,,-14.399999999999999
2017-05-31,0.9999999999999998,1.7500792534729248,3.8752833958113575,39.300000000000004,-0.39999999999999947,178.0,-12.932604735883423,0.5,1.7370931912259246,1.545521142810613,2.139634,1.68,0.25,0.54,-0.039999999999999925,0.10000000000000003,-0.27,0.31000000000000005,,,-0.17100000000000004,-14.399999999999999,0.9999999999999998,39.300000000000004,1.7500792534729248,178.0,-12.932604735883423,0.25,0.54,-0.039999999999999925,0.10000000000000003,-0.27,0.31000000000000005,,,-14.399999999999999
2017-06-30,0.9999999999999998,1.4803308546539107,3.3078134404769033,24.1,-0.6000000000000005,204.33333333333334,-6.503298774740807,0.29999999999999716,1.6991193342490218,1.5764438029800987,2.122109,1.68,0.25,0.66,0.020000000000000018,0.49,0.050000000000000044,0.3999999999999999,,,-0.22099999999999997,-14.399999999999999,0.9999999999999998,24.1,1.4803308546539107,204.33333333333334,-6.503298774740807,0.25,0.66,0.020000000000000018,0.49,0.050000000000000044,0.3999999999999999,,,-14.399999999999999
2017-07-31,0.30000000000000027,1.1187969195710634,3.401594970085964,21.0,-0.5,199.0,-4.222648752399227,0.5,1.6769627444729984,1.5031107592688553,2.131777,1.64,0.3599999999999999,0.7599999999999999,0.16999999999999993,0.51,0.050000000000000044,0.43999999999999995,,,-0.21899999999999997,-12.4,0.30000000000000027,21.0,1.1187969195710634,199.0,-4.222648752399227,0.3599999999999999,0.7599999999999999,0.16999999999999993,0.51,0.050000000000000044,0.43999999999999995,,,-12.4
2017-08-31,0.30000000000000027,0.8523014668689877,3.5724286914429637,14.899999999999999,-0.5,179.66666666666666,-5.97722960151803,0.19999999999998863,1.6552412618799472,1.433593710424197,2.075047,1.64,0.31000000000000005,0.7599999999999999,0.010000000000000009,0.25,-0.1399999999999999,0.3899999999999997,,,-0.20600000000000007,-12.4,0.30000000000000027,14.899999999999999,0.8523014668689877,179.66666666666666,-5.97722960151803,0.31000000000000005,0.7599999999999999,0.010000000000000009,0.25,-0.1399999999999999,0.3899999999999997,,,-12.4
2017-09-30,0.30000000000000027,1.0630336308315114,5.003354993643172,12.0,-0.7000000000000002,141.66666666666666,5.864811133200787,0.4000000000000057,1.5953898457655935,1.4225873687192525,2.091354,1.63,0.22999999999999998,0.7499999999999999,0.030000000000000027,0.49,-0.040000000000000036,0.41000000000000014,,,-0.23099999999999993,-12.4,0.30000000000000027,12.0,1.0630336308315114,141.66666666666666,5.864811133200787,0.22999999999999998,0.7499999999999999,0.030000000000000027,0.49,-0.040000000000000036,0.41000000000000014,,,-12.4
2017-10-31,2.3999999999999995,2.2919955326540453,4.904736618287653,16.8,-0.7000000000000002,125.66666666666667,-6.286266924564798,0.09999999999999432,1.7596390813271245,1.5410111053849596,2.177581,1.63,0.19999999999999996,0.7499999999999999,-0.19999999999999996,0.39,-0.27,0.46999999999999975,,,-0.21699999999999997,-10.0,2.3999999999999995,16.8,2.2919955326540453,125.66666666666667,-6.286266924564798,0.19999999999999996,0.7499999999999999,-0.19999999999999996,0.39,-0.27,0.46999999999999975,,,-10.0
2017-11-30,2.3999999999999995,2.9662701539719283,5.961109691292199,15.100000000000001,-0.5,151.0,0.8138351983723258,0.29999999999999716,1.7376072726981162,1.5453764961365524,2.099803,1.65,-0.040000000000000036,0.75,-0.62,0.13000000000000006,-0.74,-0.13000000000000034,,,-0.175,-10.0,2.3999999999999995,15.100000000000001,2.9662701539719283,151.0,0.8138351983723258,-0.040000000000000036,0.75,-0.62,0.13000000000000006,-0.74,-0.13000000000000034,,,-10.0
2017-12-31,2.3999999999999995,2.467143465957866,5.286465420581088,6.600000000000001,-0.6000000000000005,171.66666666666666,-4.047384007897337,0.5,1.770166453265043,1.5768765133171936,2.117186,1.66,0.020000000000000018,0.76,-0.74,-0.06,-0.9299999999999999,-0.33000000000000007,,,-0.15099999999999997,-10.0,2.3999999999999995,6.600000000000001,2.467143465957866,171.66666666666666,-4.047384007897337,0.020000000000000018,0.76,-0.74,-0.06,-0.9299999999999999,-0.33000000000000007,,,-10.0
2018-01-31,1.2999999999999998,2.7352874765469437,3.660973445991922,-3.1999999999999993,-0.7000000000000002,170.33333333333334,-3.5860655737704916,0.20000000000000284,1.8912671130328462,1.6320370277204788,2.157823,1.72,0.040000000000000036,0.7599999999999999,-0.68,0.20999999999999996,-0.6699999999999999,-0.040000000000000036,,,-0.121,-11.4,1.2999999999999998,-3.1999999999999993,2.7352874765469437,170.33333333333334,-3.5860655737704916,0.040000000000000036,0.7599999999999999,-0.68,0.20999999999999996,-0.6699999999999999,-0.040000000000000036,,,-11.4
2018-02-28,1.2999999999999998,3.3994953469032696,4.253215704181068,-9.100000000000001,-0.5,227.33333333333334,-4.017372421281218,0.5,1.87770420481439,1.6442181175359671,2.123101,1.75,0.15000000000000013,0.7599999999999999,-0.5199999999999999,0.41,-0.6100000000000001,0.2400000000000002,,,-0.05800000000000005,-11.4,1.2999999999999998,-9.100000000000001,3.3994953469032696,227.33333333333334,-4.017372421281218,0.15000000000000013,0.7599999999999999,-0.5199999999999999,0.41,-0.6100000000000001,0.2400000000000002,,,-11.4
2018-03-31,1.2999999999999998,3.224806264183644,4.407406928143476,-9.900000000000002,-0.40000000000000036,252.33333333333334,-3.6363636363636376,0.4000000000000057,2.1227843662331214,1.909183171052753,2.366926,1.79,0.1499999999999999,0.72,-0.6599999999999999,0.25999999999999995,-0.6299999999999999,0.3000000000000007,,,-0.018000000000000016,-11.4,1.2999999999999998,-9.900000000000002,3.224806264183644,252.33333333333334,-3.6363636363636376,0.1499999999999999,0.72,-0.6599999999999999,0.25999999999999995,-0.6299999999999999,0.3000000000000007,,,-11.4
2018-04-30,-0.19999999999999973,3.309758614070435,4.057376696842296,1.1999999999999993,-0.40000000000000036,253.33333333333334,-4.008667388949084,0.29999999999999716,2.150644636125887,1.8842192874261698,2.491592,1.76,0.29000000000000004,0.7899999999999999,-0.55,0.41000000000000003,-0.4099999999999999,0.5499999999999998,,,-0.03200000000000003,-8.5,-0.19999999999999973,1.1999999999999993,3.309758614070435,253.33333333333334,-4.008667388949084,0.29000000000000004,0.7899999999999999,-0.55,0.41000000000000003,-0.4099999999999999,0.5499999999999998,,,-8.5
2018-05-31,-0.19999999999999973,2.2584201444366236,6.311344688538623,-1.6000000000000014,-0.6000000000000005,229.33333333333334,-7.426778242677823,0.20000000000000284,2.272998448872432,1.9809023776840462,2.543212,1.86,0.30999999999999983,0.7899999999999999,-0.5,0.36,-0.32999999999999996,0.6099999999999994,,,-0.019999999999999907,-8.5,-0.19999999999999973,-1.6000000000000014,2.2584201444366236,229.33333333333334,-7.426778242677823,0.30999999999999983,0.7899999999999999,-0.5,0.36,-0.32999999999999996,0.6099999999999994,,,-8.5
2018-06-30,-0.19999999999999973,2.8410387544831828,5.3959108206308,-6.300000000000001,-0.2999999999999998,226.66666666666666,-10.282258064516125,0.5,2.245517307127032,1.9362198184856405,2.551897,1.9,0.43000000000000016,0.78,-0.6000000000000001,0.16000000000000003,-0.36,0.6699999999999999,,,0.029999999999999916,-8.5,-0.19999999999999973,-6.300000000000001,2.8410387544831828,226.66666666666666,-10.282258064516125,0.43000000000000016,0.78,-0.6000000000000001,0.16000000000000003,-0.36,0.6699999999999999,,,-8.5
2018-07-31,-0.7000000000000002,3.2543243815604805,6.031748762064892,2.099999999999998,-0.5,200.0,-16.03206412825652,0.29999999999999716,2.267595293370639,1.9958004199579937,2.518753,1.93,0.33000000000000007,0.76,-0.6699999999999999,0.36,-0.29999999999999993,0.6200000000000001,,,0.013999999999999901,-12.0,-0.7000000000000002,2.099999999999998,3.2543243815604805,200.0,-16.03206412825652,0.33000000000000007,0.76,-0.6699999999999999,0.36,-0.29999999999999993,0.6200000000000001,,,-12.0
2018-08-31,-0.7000000000000002,4.353587280888749,5.884940560490959,-11.2,-0.6000000000000005,178.33333333333334,-15.84258324924319,0.30000000000001137,2.1208941334864617,1.8957629996604108,2.432443,1.93,0.3999999999999999,0.75,-0.55,0.42000000000000004,-0.3600000000000001,0.6999999999999997,,,-0.03799999999999992,-12.0,-0.7000000000000002,-11.2,4.353587280888749,178.33333333333334,-15.84258324924319,0.3999999999999999,0.75,-0.55,0.42000000000000004,-0.3600000000000001,0.6999999999999997,,,-12.0
2018-09-30,-0.7000000000000002,4.313826088176409,3.31767999932735,-2.3000000000000007,-0.5999999999999996,132.66666666666666,-22.535211267605636,0.0,2.1976804898501623,1.9602952913008842,2.462881,1.94,0.34999999999999987,0.8,-0.62,0.42000000000000004,-0.41000000000000003,0.8899999999999997,,,-0.02400000000000002,-12.0,-0.7000000000000002,-2.3000000000000007,4.313826088176409,132.66666666666666,-22.535211267605636,0.34999999999999987,0.8,-0.62,0.42000000000000004,-0.41000000000000003,0.8899999999999997,,,-12.0
2018-10-31,-3.9999999999999996,2.930867401734427,4.265637766300423,-7.100000000000001,-0.40000000000000036,169.0,-12.074303405572751,0.7000000000000028,2.126409125691242,1.8709073900841755,2.415236,1.96,0.10999999999999988,1.04,-0.5,0.6000000000000001,-0.41999999999999993,0.9200000000000004,,,0.04399999999999993,-7.4,-3.9999999999999996,-7.100000000000001,2.930867401734427,169.0,-12.074303405572751,0.10999999999999988,1.04,-0.5,0.6000000000000001,-0.41999999999999993,0.9200000000000004,,,-7.4
2018-11-30,-3.9999999999999996,2.7666629800210174,3.722847952693531,-11.0,-0.40000000000000036,113.33333333333333,-9.081735620585263,0.5,2.2153843729315836,2.0102451882429095,2.476418,2.02,0.040000000000000036,1.0400000000000003,-0.43000000000000005,0.48,-0.5099999999999999,0.9099999999999997,,,0.14199999999999996,-7.4,-3.9999999999999996,-11.0,2.7666629800210174,113.33333333333333,-9.081735620585263,0.040000000000000036,1.0400000000000003,-0.43000000000000005,0.48,-0.5099999999999999,0.9099999999999997,,,-7.4
2018-12-31,-3.9999999999999996,2.5912536810940523,1.1429197702166771,-18.1,-0.19999999999999973,150.33333333333334,-8.333333333333337,0.5,2.2485295505299874,2.0380799141860972,2.456173,2.02,-0.3500000000000001,0.97,-0.30000000000000004,0.54,-0.77,0.5599999999999996,,,0.19,-7.4,-3.9999999999999996,-18.1,2.5912536810940523,150.33333333333334,-8.333333333333337,-0.3500000000000001,0.97,-0.30000000000000004,0.54,-0.77,0.5599999999999996,,,-7.4
2019-01-31,-0.7999999999999998,1.9116422323518512,1.874893542771927,-9.200000000000001,0.0,177.66666666666666,-5.313496280552599,0.7999999999999972,2.1794329242488475,1.844426623897344,2.375054,1.91,-0.28,0.99,-0.39999999999999997,0.17000000000000004,-1.04,0.3099999999999996,,,0.09999999999999998,12.8,-0.7999999999999998,-9.200000000000001,1.9116422323518512,177.66666666666666,-5.313496280552599,-0.28,0.99,-0.39999999999999997,0.17000000000000004,-1.04,0.3099999999999996,,,12.8
2019-02-28,-0.7999999999999998,1.1096417703535089,1.594939167119458,-31.499999999999996,-0.2999999999999998,150.0,0.6787330316742057,0.4000000000000057,2.1410889637129227,1.7441056147354805,2.375943,1.97,-0.19999999999999996,0.98,-0.41000000000000003,0.030000000000000027,-0.94,-0.05000000000000071,,,-0.03699999999999992,12.8,-0.7999999999999998,-31.499999999999996,1.1096417703535089,150.0,0.6787330316742057,-0.19999999999999996,0.98,-0.41000000000000003,0.030000000000000027,-0.94,-0.05000000000000071,,,12.8
2019-03-31,-0.7999999999999998,0.6545559146318158,3.1360641176592097,-10.6,-0.20000000000000018,162.0,-6.437291897891228,0.4000000000000057,2.06656235001228,1.61606799514884,2.356946,2.01,-0.1399999999999999,0.9000000000000001,-0.32999999999999996,-0.15999999999999992,-1.0,-0.3800000000000008,,,-0.10799999999999998,12.8,-0.7999999999999998,-10.6,0.6545559146318158,162.0,-6.437291897891228,-0.1399999999999999,0.9000000000000001,-0.32999999999999996,-0.15999999999999992,-1.0,-0.3800000000000008,,,12.8
2019-04-30,1.2999999999999998,-1.0247462328067725,3.1372249325627877,-14.299999999999999,-0.2999999999999998,177.0,-5.304740406320541,0.20000000000000284,2.0913377235709074,1.6367788035668518,2.392773,2.13,-0.25,0.73,-0.22000000000000003,-0.21999999999999997,-1.0,-0.3799999999999999,,,-0.07599999999999996,7.1000000000000005,1.2999999999999998,-14.299999999999999,-1.0247462328067725,177.0,-5.304740406320541,-0.25,0.73,-0.22000000000000003,-0.21999999999999997,-1.0,-0.3799999999999999,,,7.1000000000000005
2019-05-31,1.2999999999999998,-0.010156011968476264,2.5979754451581405,-14.3,-0.19999999999999973,183.66666666666666,-1.2429378531073398,0.29999999999999716,1.97242800754438,1.563175476517964,2.360903,2.04,-0.44999999999999973,0.6900000000000002,-0.24,-0.36,-1.11,-0.5699999999999994,,,-0.016000000000000014,7.1000000000000005,1.2999999999999998,-14.3,-0.010156011968476264,183.66666666666666,-1.2429378531073398,-0.44999999999999973,0.6900000000000002,-0.24,-0.36,-1.11,-0.5699999999999994,,,7.1000000000000005
2019-06-30,1.2999999999999998,-0.7369328862962377,3.0644924402522866,-19.7,-0.3999999999999999,181.0,1.4606741573033766,0.10000000000000853,2.0746001344216447,1.6569813098790576,2.392597,2.0,-0.53,0.5599999999999998,-0.08000000000000002,-0.43,-1.04,-0.8199999999999998,,,-0.03699999999999992,7.1000000000000005,1.2999999999999998,-19.7,-0.7369328862962377,181.0,1.4606741573033766,-0.53,0.5599999999999998,-0.08000000000000002,-0.43,-1.04,-0.8199999999999998,,,7.1000000000000005
2019-07-31,2.3,-1.3774541767684445,3.2341597349242246,-3.099999999999998,-0.09999999999999964,115.33333333333333,-0.4773269689737458,0.0,2.1657049503490455,1.6391192674940713,2.475923,2.04,-0.43999999999999995,0.49,-0.15999999999999998,-0.58,-0.99,-0.79,,,-0.014999999999999902,13.100000000000001,2.3,-3.099999999999998,-1.3774541767684445,115.33333333333333,-0.4773269689737458,-0.43999999999999995,0.49,-0.15999999999999998,-0.58,-0.99,-0.79,,,13.100000000000001
2019-08-31,2.3,-1.3396749291328724,3.8739879824499113,2.5,-0.19999999999999973,183.66666666666666,1.5587529976019088,0.5999999999999943,2.321135673598529,1.745804579673771,2.630398,2.05,-0.6299999999999999,0.21999999999999997,-0.24,-0.8300000000000001,-1.24,-0.9399999999999995,,,0.06999999999999995,13.100000000000001,2.3,2.5,-1.3396749291328724,183.66666666666666,1.5587529976019088,-0.6299999999999999,0.21999999999999997,-0.24,-0.8300000000000001,-1.24,-0.9399999999999995,,,13.100000000000001
2019-09-30,2.3,-1.7374573008364869,3.6164286571707116,-8.5,-0.20000000000000018,175.66666666666666,1.575757575757586,0.7999999999999972,2.3300099083477743,1.6320140893302693,2.622934,1.99,-0.6799999999999997,0.09000000000000008,-0.19,-0.76,-1.06,-1.0799999999999996,,,0.08099999999999996,13.100000000000001,2.3,-8.5,-1.7374573008364869,175.66666666666666,1.575757575757586,-0.6799999999999997,0.09000000000000008,-0.19,-0.76,-1.06,-1.0799999999999996,,,13.100000000000001
2019-10-31,2.1999999999999997,-2.4594751580988228,2.866950299748594,-15.2,-0.19999999999999973,174.33333333333334,-0.35211267605633756,0.5,2.3378148209658223,1.6235859562745425,2.747596,1.97,-0.45999999999999996,-0.3599999999999999,-0.11000000000000001,-0.9500000000000001,-0.66,-1.0800000000000005,,,0.0020000000000000018,21.3,2.1999999999999997,-15.2,-2.4594751580988228,174.33333333333334,-0.35211267605633756,-0.45999999999999996,-0.3599999999999999,-0.11000000000000001,-0.9500000000000001,-0.66,-1.0800000000000005,,,21.3
2019-11-30,2.1999999999999997,-2.047601522464615,3.0792576585534137,-0.9000000000000004,-0.19999999999999973,166.0,0.7769145394006749,0.7000000000000028,2.3546960942649298,1.4977183197472543,2.772021,1.88,-0.27,-0.6500000000000001,-0.03999999999999998,-0.87,-0.45,-1.1299999999999994,,,-0.10899999999999993,21.3,2.1999999999999997,-0.9000000000000004,-2.047601522464615,166.0,0.7769145394006749,-0.27,-0.6500000000000001,-0.03999999999999998,-0.87,-0.45,-1.1299999999999994,,,21.3
2019-12-31,2.1999999999999997,-2.2991807373363926,5.469697186539713,-7.6000000000000005,-0.2999999999999998,143.0,5.948372615039288,0.7000000000000028,2.2905988164406255,1.544751058548699,2.752609,1.88,0.16999999999999993,-0.72,0.13000000000000003,-0.83,0.13,-0.8099999999999996,,,-0.12800000000000006,21.3,2.1999999999999997,-7.6000000000000005,-2.2991807373363926,143.0,5.948372615039288,0.16999999999999993,-0.72,0.13000000000000003,-0.83,0.13,-0.8099999999999996,,,21.3
2020-01-31,-7.7,-2.290379015513233,5.032012070793579,1.4000000000000004,-0.3999999999999999,190.33333333333334,-3.2547699214365844,0.5999999999999943,2.2817391837892886,1.5913288616700605,2.800205,1.93,-0.09999999999999987,-0.8499999999999999,0.0,-0.92,-0.26,-0.9500000000000002,,,-0.11399999999999999,-2.8,-7.7,1.4000000000000004,-2.290379015513233,190.33333333333334,-3.2547699214365844,-0.09999999999999987,-0.8499999999999999,0.0,-0.92,-0.26,-0.9500000000000002,,,-2.8
2020-02-29,-7.7,-1.4232217750208775,4.794906365213292,35.6,-0.2999999999999998,208.66666666666666,-5.1685393258426915,0.4000000000000057,2.3676613601035346,1.6976972310441596,2.792299,1.93,-0.51,-0.8199999999999998,0.060000000000000026,-1.06,-0.42000000000000004,-0.8999999999999995,,,0.284,-2.8,-7.7,35.6,-1.4232217750208775,208.66666666666666,-5.1685393258426915,-0.51,-0.8199999999999998,0.060000000000000026,-1.06,-0.42000000000000004,-0.8999999999999995,,,-2.8
2020-03-31,-7.7,-5.315054964389065,-6.202382573724396,-28.5,0.6000000000000005,-299.6666666666667,1008.0664294187425,0.0,2.097741687598198,1.5272953094374042,2.592275,1.85,-1.29,-1.7600000000000002,0.32999999999999996,-0.7000000000000001,0.58,-0.5599999999999996,,,0.871,-2.8,-7.7,-28.5,-5.315054964389065,-299.6666666666667,1008.0664294187425,-1.29,-1.7600000000000002,0.32999999999999996,-0.7000000000000001,0.58,-0.5599999999999996,,,-2.8
2020-04-30,-31.4,-17.318282261376304,-19.68887117672622,-67.60000000000001,11.100000000000001,-7201.666666666667,2123.2419547079858,-2.4000000000000057,1.4309324152566472,0.9954970222243897,2.160688,1.73,-1.1300000000000001,-2.37,0.2,-0.99,0.47000000000000003,-0.9700000000000002,,,0.77,45.7,-31.4,-67.60000000000001,-17.318282261376304,-7201.666666666667,2123.2419547079858,-1.1300000000000001,-2.37,0.2,-0.99,0.47000000000000003,-0.9700000000000002,,,45.7
2020-05-31,-31.4,-16.047738104539413,-5.209008184395558,-60.7,9.6,-6417.666666666667,823.4553775743708,-1.6000000000000085,1.2184564692601985,0.9973783749794407,2.000025,1.79,-0.7500000000000001,-2.3400000000000003,0.3,-0.9,0.72,-0.8400000000000003,,,0.30999999999999994,45.7,-31.4,-60.7,-16.047738104539413,-6417.666666666667,823.4553775743708,-0.7500000000000001,-2.3400000000000003,0.3,-0.9,0.72,-0.8400000000000003,,,45.7
2020-06-30,-31.4,-10.586064673581452,2.5308213145545544,25.8,7.4,-4408.0,560.1328903654485,-0.7999999999999972,1.1836841884912408,0.9704519119350996,1.998261,1.79,-0.3700000000000001,-2.3,0.25,-0.99,0.62,-0.6000000000000001,,,0.18899999999999995,45.7,-31.4,25.8,-10.586064673581452,-4408.0,560.1328903654485,-0.3700000000000001,-2.3,0.25,-0.99,0.62,-0.6000000000000001,,,45.7
2020-07-31,30.099999999999998,-6.783544959427434,3.381124396227797,7.899999999999999,6.499999999999999,2943.0,563.5491606714628,-0.8999999999999915,1.560695837131587,1.2143366963097257,2.287039,1.84,-0.16000000000000014,-2.31,0.31,-1.26,0.52,-0.7599999999999998,,,0.10099999999999998,74.0,30.099999999999998,7.899999999999999,-6.783544959427434,2943.0,563.5491606714628,-0.16000000000000014,-2.31,0.31,-1.26,0.52,-0.7599999999999998,,,74.0
2020-08-31,30.099999999999998,-6.512241935326724,3.5457243137889893,4.200000000000001,4.800000000000001,2593.6666666666665,321.2514757969304,-1.2000000000000028,1.7223933878284248,1.3931038469319867,2.22202,1.84,0.33999999999999986,-2.03,0.58,-1.03,1.1,-0.6699999999999999,,,0.019000000000000017,74.0,30.099999999999998,4.200000000000001,-6.512241935326724,2593.6666666666665,321.2514757969304,0.33999999999999986,-2.03,0.58,-1.03,1.1,-0.6699999999999999,,,74.0
2020-09-30,30.099999999999998,-6.183101854793705,6.28728288060445,2.6999999999999993,4.3,1366.3333333333333,306.56324582338897,-1.7999999999999972,1.7190644053436621,1.4796915464076354,1.991587,1.85,0.1499999999999999,-1.95,0.51,-1.0899999999999999,0.79,-0.7400000000000002,,,0.019000000000000017,74.0,30.099999999999998,2.6999999999999993,-6.183101854793705,1366.3333333333333,306.56324582338897,0.1499999999999999,-1.95,0.51,-1.0899999999999999,0.79,-0.7400000000000002,,,74.0
2020-10-31,1.7999999999999998,-4.622683457542831,5.574485751437397,25.0,3.3000000000000003,1068.3333333333333,275.97173144876325,-1.5,1.6364116692455521,1.4217326104510208,1.74961,1.8,0.15000000000000013,-1.74,0.57,-0.97,0.64,-0.9699999999999998,,,0.04200000000000004,32.300000000000004,1.7999999999999998,25.0,-4.622683457542831,1068.3333333333333,275.97173144876325,0.15000000000000013,-1.74,0.57,-0.97,0.64,-0.9699999999999998,,,32.300000000000004
2020-11-30,1.7999999999999998,-4.763324870606622,3.836138580165893,18.5,3.1,637.3333333333334,230.94713656387665,-1.9000000000000057,1.6693780408814973,1.453521884486797,1.707378,1.75,0.17999999999999994,-1.46,0.51,-1.1,0.5700000000000001,-0.96,,,0.0020000000000000018,32.300000000000004,1.7999999999999998,18.5,-4.763324870606622,637.3333333333334,230.94713656387665,0.17999999999999994,-1.46,0.51,-1.1,0.5700000000000001,-0.96,,,32.300000000000004
2020-12-31,1.7999999999999998,-3.28150457766595,4.396878259082793,9.0,3.1,259.3333333333333,254.5550847457627,-1.9000000000000057,1.624313961356294,1.508790092214496,1.603908,1.74,0.27,-1.46,0.46,-1.21,0.47,-1.0700000000000003,,,-0.04999999999999993,32.300000000000004,1.7999999999999998,9.0,-3.28150457766595,259.3333333333333,254.5550847457627,0.27,-1.46,0.46,-1.21,0.47,-1.0700000000000003,,,32.300000000000004
2021-01-31,10.9,-2.1295843569181794,8.563264022488015,12.5,2.8000000000000003,134.33333333333334,287.00696055684455,-2.0,1.3763703714812836,1.6974939477738316,1.388291876,1.74,0.6099999999999999,-1.46,0.8200000000000001,-0.88,1.09,-0.7799999999999998,,,0.0010000000000000009,5.5,10.9,12.5,-2.1295843569181794,134.33333333333334,287.00696055684455,0.6099999999999999,-1.46,0.8200000000000001,-0.88,1.09,-0.7799999999999998,,,5.5
2021-02-28,10.9,-5.680577271180343,5.736324297052375,-7.099999999999998,2.7,215.66666666666666,257.81990521327015,-1.8000000000000114,1.280248344990098,1.7094670091967412,1.418483272,1.73,1.06,-1.5,1.03,-0.42999999999999994,1.54,-0.48,,,-0.33,5.5,10.9,-7.099999999999998,-5.680577271180343,215.66666666666666,257.81990521327015,1.06,-1.5,1.03,-0.42999999999999994,1.54,-0.48,,,5.5
2021-03-31,10.9,1.0038210492383515,28.88107378652387,57.3,1.6999999999999993,561.3333333333334,-71.34139813724441,-1.1000000000000085,1.6494791315614155,2.1991360195733556,1.606143425,1.83,2.05,-0.5800000000000001,1.11,-0.45999999999999996,1.12,-0.33000000000000007,,,-0.915,5.5,10.9,57.3,1.0038210492383515,561.3333333333334,-71.34139813724441,2.05,-0.5800000000000001,1.11,-0.45999999999999996,1.12,-0.33000000000000007,,,5.5
2021-04-30,35.0,16.55213518144698,51.849995511535354,107.5,-8.700000000000001,574.6666666666666,-87.36932396933469,1.5,2.9780316542864504,3.1306032044336574,2.223969877,1.94,1.8499999999999999,0.020000000000000004,1.05,-0.33,1.0899999999999999,-0.25,,,-0.8380000000000001,-56.6,35.0,107.5,16.55213518144698,574.6666666666666,-87.36932396933469,1.8499999999999999,0.020000000000000004,1.05,-0.33,1.0899999999999999,-0.25,,,-56.6
2021-05-31,35.0,15.673379835366053,26.50919951760793,76.6,-7.3999999999999995,561.6666666666666,-77.33861974972123,0.7000000000000028,3.7876961101984907,3.5411199019175887,2.568259586,2.05,1.7399999999999998,0.009999999999999995,0.95,-0.33999999999999997,1.06,-0.19999999999999973,,,-0.42299999999999993,-56.6,35.0,76.6,15.673379835366053,561.6666666666666,-77.33861974972123,1.7399999999999998,0.009999999999999995,0.95,-0.33999999999999997,1.06,-0.19999999999999973,,,-56.6
2021-06-30,35.0,8.958396565691418,18.128399847115475,3.6999999999999993,-5.1,529.3333333333334,-72.52138902868646,0.29999999999999716,4.439362194328367,3.8617128102137466,2.563298288,2.12,1.3100000000000003,0.0,0.7,-0.18999999999999995,0.8999999999999999,-0.10999999999999988,,,-0.30000000000000004,-56.6,35.0,3.6999999999999993,8.958396565691418,529.3333333333334,-72.52138902868646,1.3100000000000003,0.0,0.7,-0.18999999999999995,0.8999999999999999,-0.10999999999999988,,,-56.6
2021-07-31,-31.599999999999998,5.4998863464161385,14.347791390527153,-2.8000000000000007,-4.799999999999999,725.0,-73.27430430068667,0.5999999999999943,4.210719214328185,3.92711817566731,2.322197731,2.15,1.1600000000000001,0.010000000000000009,0.6100000000000001,-0.15999999999999992,0.72,-0.1900000000000004,,,-0.17900000000000005,-103.6,-31.599999999999998,-2.8000000000000007,5.4998863464161385,725.0,-73.27430430068667,1.1600000000000001,0.010000000000000009,0.6100000000000001,-0.15999999999999992,0.72,-0.1900000000000004,,,-103.6
2021-08-31,-31.599999999999998,4.261168528131454,14.093285726398296,2.0999999999999996,-3.3000000000000007,749.6666666666666,-59.66928251121077,0.4000000000000057,3.9396919775577244,3.9584580447155737,2.318851441,2.26,0.79,-0.010000000000000009,0.5200000000000001,0.050000000000000044,0.65,-0.040000000000000036,,,-0.139,-103.6,-31.599999999999998,2.0999999999999996,4.261168528131454,749.6666666666666,-59.66928251121077,0.79,-0.010000000000000009,0.5200000000000001,0.050000000000000044,0.65,-0.040000000000000036,,,-103.6
2021-09-30,-31.599999999999998,3.0124970172007215,12.63047245345481,15.800000000000004,-3.0999999999999996,650.3333333333334,-58.35045494570004,0.6999999999999886,4.002855729865806,4.013850678303776,2.597319102,2.52,1.0099999999999998,-0.009999999999999995,0.6799999999999999,0.08999999999999997,0.89,0.10999999999999988,,,-0.16100000000000003,-103.6,-31.599999999999998,15.800000000000004,3.0124970172007215,650.3333333333334,-58.35045494570004,1.0099999999999998,-0.009999999999999995,0.6799999999999999,0.08999999999999997,0.89,0.10999999999999988,,,-103.6
2021-10-31,2.4000000000000004,3.5628709708763973,14.73881219927511,-9.0,-2.4000000000000004,603.3333333333334,-65.22556390977444,0.5,4.590317334184912,4.436672448273571,3.012541263,2.81,1.3,-0.009999999999999995,0.33000000000000007,-0.14,0.71,0.33000000000000007,,,-0.11499999999999999,-55.900000000000006,2.4000000000000004,-9.0,3.5628709708763973,603.3333333333334,-65.22556390977444,1.3,-0.009999999999999995,0.33000000000000007,-0.14,0.71,0.33000000000000007,,,-55.900000000000006
2021-11-30,2.4000000000000004,3.897545981936834,17.0305333360802,11.600000000000001,-2.6000000000000005,638.6666666666666,-68.51913477537437,1.0,4.972572143965692,4.8908669097107005,3.188771392,3.09,1.1199999999999999,-0.009999999999999995,0.22999999999999998,-0.14,0.6199999999999999,0.3799999999999999,,,0.016999999999999904,-55.900000000000006,2.4000000000000004,11.600000000000001,3.897545981936834,638.6666666666666,-68.51913477537437,1.1199999999999999,-0.009999999999999995,0.22999999999999998,-0.14,0.6199999999999999,0.3799999999999999,,,-55.900000000000006
2021-12-31,2.4000000000000004,2.2463731281071153,15.112859020922919,4.800000000000001,-2.8000000000000003,681.6666666666666,-74.15596056169704,0.9000000000000057,5.488993530393094,5.2145501246505965,3.45168647,3.36,0.9200000000000002,-0.009999999999999995,-0.010000000000000009,0.020000000000000018,0.62,0.43999999999999995,,,0.04799999999999993,-55.900000000000006,2.4000000000000004,4.800000000000001,2.2463731281071153,681.6666666666666,-74.15596056169704,0.9200000000000002,-0.009999999999999995,-0.010000000000000009,0.020000000000000018,0.62,0.43999999999999995,,,-55.900000000000006
2022-01-31,-6.7,1.3181341030033655,12.92473579743576,-7.199999999999999,-2.4000000000000004,478.0,-71.01318944844125,0.9000000000000057,6.05428515424189,5.35843659732218,3.958436369,3.7,0.6099999999999999,-0.009999999999999995,-0.39,0.37,0.52,0.8199999999999998,,,0.07799999999999996,-20.0,-6.7,-7.199999999999999,1.3181341030033655,478.0,-71.01318944844125,0.6099999999999999,-0.009999999999999995,-0.39,0.37,0.52,0.8199999999999998,,,-20.0
2022-02-28,-6.7,5.429593086433182,17.10617352828363,-13.4,-2.3000000000000003,531.6666666666666,-70.99337748344371,1.1000000000000085,6.4551151617656455,5.602764293293028,4.279048254,3.91,0.7199999999999998,0.0,-0.91,-0.08000000000000007,0.08000000000000007,0.9199999999999999,,,0.188,-20.0,-6.7,-13.4,5.429593086433182,531.6666666666666,-70.99337748344371,0.7199999999999998,0.0,-0.91,-0.08000000000000007,0.08000000000000007,0.9199999999999999,,,-20.0
2022-03-31,-6.7,3.0544104015221674,7.860751083947304,-17.099999999999998,-2.3999999999999995,499.6666666666667,-67.87448636533433,1.2000000000000028,6.482378554404167,5.593221924008485,4.53801172,4.0,0.7999999999999998,0.13,-1.54,0.10999999999999999,0.09000000000000008,1.5,,,0.275,-20.0,-6.7,-17.099999999999998,3.0544104015221674,499.6666666666667,-67.87448636533433,0.7999999999999998,0.13,-1.54,0.10999999999999999,0.09000000000000008,1.5,,,-20.0
2022-04-30,-6.4,2.923435475508507,8.413182453391933,-31.999999999999996,-2.3999999999999995,539.0,-63.879456706281836,1.1000000000000085,6.158737119052837,5.345023150300299,4.705074108,4.07,0.73,0.26,-1.3,0.77,0.40000000000000013,2.1199999999999997,,,0.34600000000000003,13.6,-6.4,-31.999999999999996,2.923435475508507,539.0,-63.879456706281836,0.73,0.26,-1.3,0.77,0.40000000000000013,2.1199999999999997,,,13.6
2022-05-31,-6.4,1.9110298059100916,9.014806321681457,-29.000000000000004,-2.1999999999999997,366.3333333333333,-54.12793876435211,1.2999999999999972,6.0254478790408905,5.184136763522318,4.959736415,4.27,0.3900000000000001,0.71,-1.1199999999999999,1.05,0.11999999999999988,2.1499999999999995,,,0.43399999999999994,13.6,-6.4,-29.000000000000004,1.9110298059100916,366.3333333333333,-54.12793876435211,0.3900000000000001,0.71,-1.1199999999999999,1.05,0.11999999999999988,2.1499999999999995,,,13.6
2022-06-30,-6.4,1.2217594016755706,8.850886510335808,-33.9,-2.3000000000000003,347.6666666666667,-48.1074481074481,0.5999999999999943,5.906335651591377,5.31569109508947,5.396005585,4.66,0.10999999999999988,1.13,-1.14,1.52,-0.1399999999999999,2.68,,,0.5130000000000001,13.6,-6.4,-33.9,1.2217594016755706,347.6666666666667,-48.1074481074481,0.10999999999999988,1.13,-1.14,1.52,-0.1399999999999999,2.68,,,13.6
2022-07-31,-0.3999999999999999,0.968659945597028,9.593115515181516,-34.8,-1.9000000000000004,483.0,-40.70317782285328,0.6000000000000085,5.899916740834321,5.107374057840786,5.584768451,4.76,0.16999999999999993,1.5799999999999998,-1.27,1.2999999999999998,-0.9199999999999999,2.5,,,0.43500000000000005,56.599999999999994,-0.3999999999999999,-34.8,0.968659945597028,483.0,-40.70317782285328,0.16999999999999993,1.5799999999999998,-1.27,1.2999999999999998,-0.9199999999999999,2.5,,,56.599999999999994
2022-08-31,-0.3999999999999999,1.0521402147261716,9.583788166788597,-13.4,-1.4999999999999996,479.3333333333333,-39.81931897150799,1.0999999999999943,6.286089097732228,5.362447330658338,5.936757527,5.01,0.10000000000000009,2.24,-1.4000000000000001,1.7000000000000002,-1.07,2.6799999999999997,,,0.42100000000000004,56.599999999999994,-0.3999999999999999,-13.4,1.0521402147261716,479.3333333333333,-39.81931897150799,0.10000000000000009,2.24,-1.4000000000000001,1.7000000000000002,-1.07,2.6799999999999997,,,56.599999999999994
2022-09-30,-0.3999999999999999,2.462018715752601,8.559206522862329,-40.5,-1.2000000000000002,408.0,-44.32699083861874,1.0,6.624287624509306,5.606479327988612,6.3309531,4.99,-0.36999999999999966,2.48,-1.63,2.53,-0.98,3.6900000000000004,,,0.545,56.599999999999994,-0.3999999999999999,-40.5,2.462018715752601,408.0,-44.32699083861874,-0.36999999999999966,2.48,-1.63,2.53,-0.98,3.6900000000000004,,,56.599999999999994
2022-10-31,-4.2,1.0648183730078253,8.098963258984782,-33.0,-0.8999999999999999,289.0,-27.027027027027028,0.7999999999999972,6.294999786983246,5.459759683450094,6.310662886,5.01,-0.2200000000000002,3.0,-1.48,2.54,-1.62,3.94,,,0.496,57.3,-4.2,-33.0,1.0648183730078253,289.0,-27.027027027027028,-0.2200000000000002,3.0,-1.48,2.54,-1.62,3.94,,,57.3
2022-11-30,-4.2,0.08902953837490735,5.534555766442506,-57.4,-0.49999999999999956,293.3333333333333,-10.887949260042284,0.4000000000000057,5.969880665899807,5.20808883271644,6.430141331,4.97,-0.3899999999999997,3.6999999999999997,-1.6099999999999999,2.41,-2.07,3.48,,,0.37000000000000005,57.3,-4.2,-57.4,0.08902953837490735,293.3333333333333,-10.887949260042284,-0.3899999999999997,3.6999999999999997,-1.6099999999999999,2.41,-2.07,3.48,,,57.3
2022-12-31,-4.2,-0.8016099812473643,5.133577873916417,-28.5,-0.3999999999999999,253.33333333333334,-3.8150289017341077,0.5999999999999943,5.685531944736666,4.9668814733705435,6.544834898,4.92,-0.54,4.02,-1.32,2.62,-2.0,3.31,,,0.3320000000000001,57.3,-4.2,-28.5,-0.8016099812473643,253.33333333333334,-3.8150289017341077,-0.54,4.02,-1.32,2.62,-2.0,3.31,,,57.3
2023-01-31,3.9,0.3188082918103907,7.718654841023653,-30.700000000000003,-0.5,279.0,-15.408479834539811,0.7000000000000028,5.539533472591773,4.937665213974429,6.488563553,4.85,-0.5499999999999998,4.25,-1.2999999999999998,1.9300000000000002,-2.75,2.58,,,0.23300000000000004,59.3,3.9,-30.700000000000003,0.3188082918103907,279.0,-15.408479834539811,-0.5499999999999998,4.25,-1.2999999999999998,1.9300000000000002,-2.75,2.58,,,59.3
2023-02-28,3.9,-0.1634816837026265,5.336302560252992,-38.1,-0.2999999999999998,274.6666666666667,-1.9406392694063967,0.7999999999999972,5.498260329618088,4.855603371625716,6.527668526,4.82,-0.5299999999999998,4.49,-1.28,2.2800000000000002,-2.44,2.61,,,0.16799999999999998,59.3,3.9,-38.1,-0.1634816837026265,274.6666666666667,-1.9406392694063967,-0.5299999999999998,4.49,-1.28,2.2800000000000002,-2.44,2.61,,,59.3
2023-03-31,3.9,-0.36512224493961964,2.1572069975592356,-45.8,-0.20000000000000018,264.0,6.511627906976747,0.5999999999999943,5.566741392671326,4.783286394955444,6.394209,4.86,-0.94,4.45,-0.62,1.68,-3.17,1.6500000000000004,,,0.22,59.3,3.9,-45.8,-0.36512224493961964,264.0,6.511627906976747,-0.94,4.45,-0.62,1.68,-3.17,1.6500000000000004,,,59.3
2023-04-30,1.9,-0.1843454258675048,1.5601474718037522,-42.3,-0.30000000000000027,199.66666666666666,1.6451233842538215,0.8999999999999915,5.514364195873522,4.789642299240104,6.265662148,4.91,-1.0999999999999996,4.5,-0.79,1.25,-3.7,1.33,,,0.14400000000000002,47.5,1.9,-42.3,-0.1843454258675048,199.66666666666666,1.6451233842538215,-1.0999999999999996,4.5,-0.79,1.25,-3.7,1.33,,,47.5
2023-05-31,1.9,-0.39957171123073953,2.1300392363684306,-12.8,0.0,196.33333333333334,7.7473182359952375,0.8000000000000114,5.337547036084689,4.731625374880166,5.978671526,4.76,-0.8900000000000001,4.289999999999999,-1.08,1.25,-3.57,1.4700000000000006,,,0.04400000000000001,47.5,1.9,-12.8,-0.39957171123073953,196.33333333333334,7.7473182359952375,-0.8900000000000001,4.289999999999999,-1.08,1.25,-3.57,1.4700000000000006,,,47.5
2023-06-30,1.9,-0.8893464531073647,1.6519719627150264,-10.2,0.0,248.66666666666666,17.999999999999993,1.2000000000000028,4.853596327155252,4.383786808421353,5.579747568,4.37,-0.3999999999999999,3.87,-1.12,0.9400000000000001,-2.88,1.0099999999999998,,,-0.05700000000000002,47.5,1.9,-10.2,-0.8893464531073647,248.66666666666666,17.999999999999993,-0.3999999999999999,3.87,-1.12,0.9400000000000001,-2.88,1.0099999999999998,,,47.5
2023-07-31,1.8000000000000003,-0.31247838929887584,2.861648093397018,-8.000000000000002,0.0,222.66666666666666,5.815279361459513,1.0,4.700970557935236,4.299124123250864,5.394823057,4.23,-0.45999999999999996,3.4400000000000004,-0.6900000000000001,1.46,-1.84,1.5099999999999998,,,-0.061000000000000026,26.599999999999998,1.8000000000000003,-8.000000000000002,-0.31247838929887584,222.66666666666666,5.815279361459513,-0.45999999999999996,3.4400000000000004,-0.6900000000000001,1.46,-1.84,1.5099999999999998,,,26.599999999999998
2023-08-31,1.8000000000000003,-0.25421306219911566,3.1932015805511416,6.4,0.10000000000000009,202.0,13.163972286374136,0.6000000000000085,4.399143440066089,3.8282036156702226,5.160383368,3.91,-0.43000000000000016,3.0,-0.46,1.1800000000000002,-1.66,1.63,,,-0.10900000000000001,26.599999999999998,1.8000000000000003,6.4,-0.25421306219911566,202.0,13.163972286374136,-0.43000000000000016,3.0,-0.46,1.1800000000000002,-1.66,1.63,,,26.599999999999998
2023-09-30,1.8000000000000003,-0.2672476942852109,4.16239835371548,-6.899999999999999,0.20000000000000018,179.0,9.873417721518996,0.9000000000000057,4.128747996485882,3.687774208035388,4.94927892,3.83,0.08000000000000007,2.77,-0.04999999999999999,0.5600000000000003,-1.46,0.6099999999999994,,,-0.20600000000000002,26.599999999999998,1.8000000000000003,-6.899999999999999,-0.2672476942852109,179.0,9.873417721518996,0.08000000000000007,2.77,-0.04999999999999999,0.5600000000000003,-1.46,0.6099999999999994,,,26.599999999999998
2023-10-31,0.6000000000000001,-0.7742988102069082,2.613691935196827,-3.0999999999999996,0.2999999999999998,177.66666666666666,3.827160493827164,0.8000000000000114,4.027401561127464,3.4740628549791763,4.882671706,3.6,-0.27,2.25,0.21999999999999997,0.8799999999999999,-0.59,0.71,,,-0.16099999999999998,-5.200000000000003,0.6000000000000001,-3.0999999999999996,-0.7742988102069082,177.66666666666666,3.827160493827164,-0.27,2.25,0.21999999999999997,0.8799999999999999,-0.59,0.71,,,-5.200000000000003
2023-11-30,0.6000000000000001,-0.09043615385835313,3.922918517934426,9.5,0.10000000000000009,147.33333333333334,3.4400948991696323,1.0,4.017980521102138,3.2907438711504255,4.696200109,3.45,-0.26000000000000023,1.5500000000000003,0.33999999999999997,0.8,-0.3900000000000001,0.6399999999999997,,,-0.14100000000000001,-5.200000000000003,0.6000000000000001,9.5,-0.09043615385835313,147.33333333333334,3.4400948991696323,-0.26000000000000023,1.5500000000000003,0.33999999999999997,0.8,-0.3900000000000001,0.6399999999999997,,,-5.200000000000003
2023-12-31,0.6000000000000001,0.8386591076755323,5.295483174098559,4.2,0.2999999999999998,146.66666666666666,-0.9615384615384581,0.6000000000000085,3.9154727698627045,3.1123879882344996,4.563945276,3.27,-0.20999999999999996,1.2300000000000004,0.18000000000000005,0.1399999999999999,-0.98,0.1900000000000004,,,-0.143,-5.200000000000003,0.6000000000000001,4.2,0.8386591076755323,146.66666666666666,-0.9615384615384581,-0.20999999999999996,1.2300000000000004,0.18000000000000005,0.1399999999999999,-0.98,0.1900000000000004,,,-5.200000000000003
2024-01-31,-2.0999999999999996,-1.2762549126908995,0.029841838257227415,-2.299999999999999,0.20000000000000018,152.0,3.4229828850855792,0.5999999999999943,3.8583540949372663,3.159014510020852,4.605479434,3.25,-0.029999999999999805,1.0,0.4099999999999999,0.44999999999999996,-0.25,0.5600000000000005,,,-0.08900000000000002,-30.299999999999997,-2.0999999999999996,-2.299999999999999,-1.2762549126908995,152.0,3.4229828850855792,-0.029999999999999805,1.0,0.4099999999999999,0.44999999999999996,-0.25,0.5600000000000005,,,-30.299999999999997
2024-02-29,-2.0999999999999996,-0.3543266402759926,1.9531296492460104,21.2,0.2999999999999998,178.33333333333334,-2.211874272409775,0.5,3.7619647313751337,3.059467984974007,4.407590907,3.16,-0.18000000000000016,0.7599999999999998,0.5,0.42999999999999994,-0.24,0.4400000000000004,,,-0.15599999999999997,-30.299999999999997,-2.0999999999999996,21.2,-0.3543266402759926,178.33333333333334,-2.211874272409775,-0.18000000000000016,0.7599999999999998,0.5,0.42999999999999994,-0.24,0.4400000000000004,,,-30.299999999999997
2024-03-31,-2.0999999999999996,-0.557312624665296,3.393622635778737,26.8,0.3999999999999999,203.0,-5.786026200873362,0.30000000000001137,3.8161935067360986,3.122173857921662,4.513039611,3.14,-0.020000000000000018,0.6799999999999997,0.18999999999999995,0.72,0.1100000000000001,0.46999999999999975,,,-0.278,-30.299999999999997,-2.0999999999999996,26.8,-0.557312624665296,203.0,-5.786026200873362,-0.020000000000000018,0.6799999999999997,0.18999999999999995,0.72,0.1100000000000001,0.46999999999999975,,,-30.299999999999997
2024-04-30,1.1,-0.9971062585799939,2.551551542593966,43.1,0.5,166.0,-2.774566473988438,0.20000000000000284,3.6260251717590952,3.006720905553606,4.413239633,3.02,0.22999999999999998,0.5,0.25,1.0199999999999998,0.8899999999999999,0.7400000000000002,,,-0.22099999999999997,-30.4,1.1,43.1,-0.9971062585799939,166.0,-2.774566473988438,0.22999999999999998,0.5,0.25,1.0199999999999998,0.8899999999999999,0.7400000000000002,,,-30.4
2024-05-31,1.1,-0.06499644303002983,2.8004071808660713,15.6,0.2999999999999998,123.33333333333333,-1.7699115044247815,0.19999999999998863,3.394419668976645,2.7711764063720334,4.31094549,2.9,0.27,0.27000000000000046,0.38,0.7000000000000002,0.9299999999999999,0.45999999999999996,,,-0.19399999999999998,-30.4,1.1,15.6,-0.06499644303002983,123.33333333333333,-1.7699115044247815,0.27,0.27000000000000046,0.38,0.7000000000000002,0.9299999999999999,0.45999999999999996,,,-30.4
2024-06-30,1.1,0.7734749239909133,2.2643058732833454,15.0,0.49999999999999956,76.33333333333333,-5.583250249252247,0.20000000000000284,3.2654173234475614,2.7531619063573265,4.240748674,2.91,0.06000000000000005,0.25,0.7100000000000001,0.49,0.5,0.15000000000000036,-0.8399999999999999,-0.3400000000000001,-0.151,-30.4,1.1,15.0,0.7734749239909133,76.33333333333333,-5.583250249252247,0.06000000000000005,0.25,0.7100000000000001,0.49,0.5,0.15000000000000036,-0.8399999999999999,-0.3400000000000001,-30.4
2024-07-31,-1.4000000000000004,-0.9226344732312097,3.008590497977659,26.0,0.7000000000000002,72.66666666666667,2.2629310344827624,0.5999999999999943,3.2301916105644812,2.8062163337682744,4.182298584,2.86,-0.14000000000000012,0.20999999999999996,0.71,0.25,0.26,-0.02999999999999936,-0.54,-0.21999999999999997,-0.08099999999999996,-42.9,-1.4000000000000004,26.0,-0.9226344732312097,72.66666666666667,2.2629310344827624,-0.14000000000000012,0.20999999999999996,0.71,0.25,0.26,-0.02999999999999936,-0.54,-0.21999999999999997,-42.9
2024-08-31,-1.4000000000000004,-0.4050008280501727,1.7939262948061696,-13.5,0.5,49.666666666666664,-6.224489795918364,0.5,3.2850959364300047,2.873279917118543,4.1117892,2.81,-0.14000000000000012,0.0,0.76,-0.09000000000000008,0.16999999999999993,-0.8300000000000001,-0.6800000000000002,-0.26,-0.056999999999999995,-42.9,-1.4000000000000004,-13.5,-0.4050008280501727,49.666666666666664,-6.224489795918364,-0.14000000000000012,0.0,0.76,-0.09000000000000008,0.16999999999999993,-0.8300000000000001,-0.6800000000000002,-0.26,-42.9
2024-09-30,-1.4000000000000004,-1.2004422838397089,1.9802640835621554,13.6,0.39999999999999947,72.33333333333333,3.4562211981566726,0.29999999999999716,3.2823574494668994,2.838627996468368,4.011581697,2.8,-0.15000000000000036,-0.20000000000000018,0.59,-0.6100000000000003,0.039999999999999925,-1.2299999999999995,-1.0000000000000004,-0.32999999999999996,-0.11399999999999999,-42.9,-1.4000000000000004,13.6,-1.2004422838397089,72.33333333333333,3.4562211981566726,-0.15000000000000036,-0.20000000000000018,0.59,-0.6100000000000003,0.039999999999999925,-1.2299999999999995,-1.0000000000000004,-0.32999999999999996,-42.9
2024-10-31,-1.5,-0.9947356843759692,3.22700058879426,22.2,0.19999999999999973,65.66666666666667,12.366230677764566,0.09999999999999432,3.298689706765301,2.9865021082658982,3.975247122,2.87,-0.020000000000000018,-0.5,0.31,-0.51,0.35,-1.0700000000000003,-1.54,-0.4600000000000001,-0.15800000000000003,-33.9,-1.5,22.2,-0.9947356843759692,65.66666666666667,12.366230677764566,-0.020000000000000018,-0.5,0.31,-0.51,0.35,-1.0700000000000003,-1.54,-0.4600000000000001,-33.9
2024-11-30,-1.5,-1.5579409481489392,3.87040949735018,2.4,0.5,107.33333333333333,0.34403669724769603,0.09999999999999432,3.2859356193500444,2.980710120125618,3.890822722,2.9,0.18000000000000016,-0.6900000000000004,0.41,-0.2200000000000002,0.68,-0.41000000000000014,-1.0999999999999996,-0.28000000000000014,-0.15299999999999997,-33.9,-1.5,2.4,-1.5579409481489392,107.33333333333333,0.34403669724769603,0.18000000000000016,-0.6900000000000004,0.41,-0.2200000000000002,0.68,-0.41000000000000014,-1.0999999999999996,-0.28000000000000014,-33.9
2024-12-31,-1.5,-0.2741466217243804,4.515377901343043,-2.3999999999999995,0.2999999999999998,134.66666666666666,8.131067961165051,0.20000000000000284,3.2133335461932644,2.9885896245190446,3.752907132,2.98,0.2599999999999998,-0.8499999999999996,0.6799999999999999,0.5200000000000002,1.73,0.23999999999999932,-0.4700000000000002,-0.22000000000000008,-0.11699999999999999,-33.9,-1.5,-2.3999999999999995,-0.2741466217243804,134.66666666666666,8.131067961165051,0.2599999999999998,-0.8499999999999996,0.6799999999999999,0.5200000000000002,1.73,0.23999999999999932,-0.4700000000000002,-0.22000000000000008,-33.9
2025-01-31,-1.4,0.849002693950851,4.526964271018263,47.599999999999994,0.2999999999999998,107.66666666666667,1.6548463356973908,0.20000000000000284,3.282970485398584,2.7801380994415092,3.624695912,2.77,0.2999999999999998,-1.0,0.64,0.43000000000000016,1.7,0.2599999999999998,-0.9099999999999997,-0.20000000000000007,-0.11099999999999999,-8.3,-1.4,47.599999999999994,0.849002693950851,107.66666666666667,1.6548463356973908,0.2999999999999998,-1.0,0.64,0.43000000000000016,1.7,0.2599999999999998,-0.9099999999999997,-0.20000000000000007,-8.3
2025-02-28,-1.4,0.8119858403550007,3.8371176745271907,14.4,0.30000000000000027,77.0,7.14285714285714,0.0,3.13755688228059,2.9686432938117457,3.520917355,2.73,0.18000000000000016,-1.0,0.64,-0.05999999999999983,1.1199999999999999,-0.1800000000000006,-0.41999999999999993,-0.12,-0.05299999999999999,-8.3,-1.4,14.4,0.8119858403550007,77.0,7.14285714285714,0.18000000000000016,-1.0,0.64,-0.05999999999999983,1.1199999999999999,-0.1800000000000006,-0.41999999999999993,-0.12,-8.3
2025-03-31,-1.4,0.5802453773984029,5.191371660503075,8.399999999999999,0.30000000000000027,20.333333333333332,3.244495944380077,-0.10000000000000853,2.808783050077035,2.670294814316976,3.265924267,2.65,0.22999999999999998,-1.0,0.73,-0.029999999999999805,1.17,-0.13999999999999968,0.3999999999999999,0.030000000000000027,0.02200000000000002,-8.3,-1.4,8.399999999999999,0.5802453773984029,20.333333333333332,3.244495944380077,0.22999999999999998,-1.0,0.73,-0.029999999999999805,1.17,-0.13999999999999968,0.3999999999999999,0.030000000000000027,-8.3
2025-04-30,0.19999999999999973,0.8823523543694645,5.066884622208767,-30.5,0.30000000000000027,72.33333333333333,7.372175980975038,0.09999999999999432,2.7760200724699313,2.614795918367352,3.178169333,2.64,-0.14000000000000012,-1.0,0.9199999999999999,-0.33999999999999986,0.63,-0.3600000000000003,0.7599999999999998,0.18000000000000005,0.021999999999999964,2.9000000000000004,0.19999999999999973,-30.5,0.8823523543694645,72.33333333333333,7.372175980975038,-0.14000000000000012,-1.0,0.9199999999999999,-0.33999999999999986,0.63,-0.3600000000000003,0.7599999999999998,0.18000000000000005,2.9000000000000004
2025-05-31,0.19999999999999973,0.10162299356553106,3.145903281589657,-8.2,0.3999999999999999,62.666666666666664,4.842342342342332,-0.19999999999998863,2.7658403935930886,2.783883382495933,3.167989734,2.61,0.050000000000000266,-1.0,0.9,-0.0900000000000003,1.0,-0.14000000000000057,0.11999999999999966,0.040000000000000036,-0.05700000000000005,2.9000000000000004,0.19999999999999973,-8.2,0.10162299356553106,62.666666666666664,4.842342342342332,0.050000000000000266,-1.0,0.9,-0.0900000000000003,1.0,-0.14000000000000057,0.11999999999999966,0.040000000000000036,2.9000000000000004
2025-06-30,0.19999999999999973,0.5793208714095943,4.4167873735105445,-4.3,0.0,33.666666666666664,0.9503695881731833,-0.20000000000000284,2.910895442696071,2.8073722050588,3.302508446,2.7,0.06999999999999984,-1.0,0.87,-0.13000000000000012,0.9500000000000001,-0.09000000000000075,-0.25,-0.09999999999999998,-0.11499999999999999,2.9000000000000004,0.19999999999999973,-4.3,0.5793208714095943,33.666666666666664,0.9503695881731833,0.06999999999999984,-1.0,0.87,-0.13000000000000012,0.9500000000000001,-0.09000000000000075,-0.25,-0.09999999999999998,2.9000000000000004
2025-07-31,1.1000000000000005,1.9187662602012212,4.1343092432405415,1.5,0.09999999999999964,19.0,-6.6385669125395115,-0.5999999999999943,3.0544930080893096,2.86304724556794,3.427070021,2.69,0.33000000000000007,-1.0,0.63,0.1299999999999999,1.28,-0.0600000000000005,-0.3900000000000001,-0.17999999999999994,-0.15600000000000003,1.5999999999999996,1.1000000000000005,1.5,1.9187662602012212,19.0,-6.6385669125395115,0.33000000000000007,-1.0,0.63,0.1299999999999999,1.28,-0.0600000000000005,-0.3900000000000001,-0.17999999999999994,1.5999999999999996
2025-08-31,1.1000000000000005,1.1886779865559305,4.972605550048126,3.7,0.09999999999999964,-8.666666666666666,0.32644178454841466,-0.20000000000000284,3.111806098514469,2.912416347215907,3.430945316,2.8,0.4600000000000004,-1.0,0.64,0.06000000000000005,1.3,0.20999999999999996,-0.33000000000000007,-0.1499999999999999,-0.135,1.5999999999999996,1.1000000000000005,3.7,1.1886779865559305,-8.666666666666666,0.32644178454841466,0.4600000000000004,-1.0,0.64,0.06000000000000005,1.3,0.20999999999999996,-0.33000000000000007,-0.1499999999999999,1.5999999999999996
2025-09-30,1.1000000000000005,1.8631698334008018,4.14434148110745,21.1,0.3000000000000007,23.333333333333332,4.231625835189301,-0.09999999999999432,3.0199668258857892,2.825069249833967,3.322171495,2.7,0.3500000000000001,-0.9100000000000001,0.41000000000000003,0.17000000000000015,1.06,0.21999999999999975,-0.22999999999999998,-0.16000000000000003,-0.09700000000000003,1.5999999999999996,1.1000000000000005,21.1,1.8631698334008018,23.333333333333332,4.231625835189301,0.3500000000000001,-0.9100000000000001,0.41000000000000003,0.17000000000000015,1.06,0.21999999999999975,-0.22999999999999998,-0.16000000000000003,1.5999999999999996
2025-10-31,-1.4,1.7593332629600056,3.2135142385181226,-17.7,0.3000000000000007,-44.666666666666664,-4.021164021164026,0.20000000000000284,2.70008174530898,2.75453840687383,3.077827,2.55,0.020000000000000018,-0.7400000000000002,0.39,-0.1399999999999999,0.58,-0.5499999999999998,0.06000000000000005,-0.05999999999999994,-0.068,6.5,-1.4,-17.7,1.7593332629600056,-44.666666666666664,-4.021164021164026,0.020000000000000018,-0.7400000000000002,0.39,-0.1399999999999999,0.58,-0.5499999999999998,0.06000000000000005,-0.05999999999999994,6.5
2025-11-30,-1.4,1.7543117556713783,3.212039564348257,2.1,0.2999999999999998,-7.666666666666667,1.0285714285714231,0.29999999999999716,2.5990448060944082,2.8290927864990767,2.954815062,2.51,-0.040000000000000036,-0.7599999999999998,0.5,-0.1299999999999999,0.54,-0.5799999999999992,0.17999999999999972,-0.010000000000000009,-0.03300000000000003,6.5,-1.4,2.1,1.7543117556713783,-7.666666666666667,1.0285714285714231,-0.040000000000000036,-0.7599999999999998,0.5,-0.1299999999999999,0.54,-0.5799999999999992,0.17999999999999972,-0.010000000000000009,6.5
2025-12-31,-1.4,1.1629935222018384,2.4331314088934963,0.7999999999999989,0.3000000000000007,-38.666666666666664,-1.5712682379349086,0.3999999999999915,2.6464847073089937,2.971110180682146,3.006319158,2.44,-0.1200000000000001,-0.7600000000000002,0.37999999999999995,-0.3100000000000003,0.30000000000000004,-0.6999999999999993,-0.10999999999999988,-0.029999999999999916,-0.052000000000000046,6.5,-1.4,0.7999999999999989,1.1629935222018384,-38.666666666666664,-1.5712682379349086,-0.1200000000000001,-0.7600000000000002,0.37999999999999995,-0.3100000000000003,0.30000000000000004,-0.6999999999999993,-0.10999999999999988,-0.029999999999999916,6.5
2026-01-31,2.7,1.0581153993366232,3.267862666254251,-20.299999999999997,0.2999999999999998,61.333333333333336,-0.9302325581395321,0.5,2.512028782828879,3.104657789335974,2.979750936,2.41,-0.010000000000000231,-0.69,0.38,-0.26000000000000023,0.31999999999999995,-0.8500000000000005,0.19999999999999973,-0.06999999999999995,-0.05499999999999994,-0.9000000000000004,2.7,-20.299999999999997,1.0581153993366232,61.333333333333336,-0.9302325581395321,-0.010000000000000231,-0.69,0.38,-0.26000000000000023,0.31999999999999995,-0.8500000000000005,0.19999999999999973,-0.06999999999999995,-0.9000000000000004
2026-02-28,2.7,0.8407575522283439,4.174261321715922,2.9000000000000004,0.20000000000000018,-4.333333333333333,-4.11111111111111,0.4000000000000057,2.4724624767640258,3.0492628550881085,2.903909284,2.34,-0.18000000000000016,-0.69,0.33999999999999997,-0.14000000000000012,0.38,-0.7799999999999994,0.25,-0.020000000000000018,-0.027000000000000024,-0.9000000000000004,2.7,2.9000000000000004,0.8407575522283439,-4.333333333333333,-4.11111111111111,-0.18000000000000016,-0.69,0.33999999999999997,-0.14000000000000012,0.38,-0.7799999999999994,0.25,-0.020000000000000018,-0.9000000000000004
2026-03-31,2.7,0.5808567662044073,4.240611939906458,7.900000000000002,0.09999999999999964,72.66666666666667,-6.621773288439958,0.5,2.602167705486824,3.253849776876594,2.929321192,2.36,-0.06999999999999984,-0.69,0.16999999999999998,0.1499999999999999,0.69,-0.27000000000000046,-0.27,-0.06999999999999995,-0.04700000000000004,-0.9000000000000004,2.7,7.900000000000002,0.5808567662044073,72.66666666666667,-6.621773288439958,-0.06999999999999984,-0.69,0.16999999999999998,0.1499999999999999,0.69,-0.27000000000000046,-0.27,-0.06999999999999995,-0.9000000000000004
2026-04-30,-1.6999999999999997,1.365696311304787,4.788481289847479,39.6,0.09999999999999964,79.0,-7.973421926910296,0.20000000000000284,2.7433094309685213,3.318672212395035,3.03893235,2.34,0.3799999999999999,-0.69,-0.04999999999999993,0.0,0.86,-0.5099999999999998,-1.1099999999999999,-0.28,-0.09899999999999998,-10.4,-1.6999999999999997,39.6,1.365696311304787,79.0,-7.973421926910296,0.3799999999999999,-0.69,-0.04999999999999993,0.0,0.86,-0.5099999999999998,-1.1099999999999999,-0.28,-10.4
2026-05-31,-1.6999999999999997,1.6659155850265561,6.8764624220508,0.29999999999999993,0.0,188.33333333333334,-7.733619763694954,0.5,2.8229420636110225,3.412035932904045,3.091256621,2.41,0.1299999999999999,-0.7000000000000002,-0.050000000000000044,0.0,0.71,-0.35999999999999943,-0.5799999999999996,-0.18000000000000005,-0.04199999999999998,-10.4,-1.6999999999999997,0.29999999999999993,1.6659155850265561,188.33333333333334,-7.733619763694954,0.1299999999999999,-0.7000000000000002,-0.050000000000000044,0.0,0.71,-0.35999999999999943,-0.5799999999999996,-0.18000000000000005,-10.4
2026-06-30,-1.6999999999999997,1.1519681508890933,5.625192764368991,11.700000000000001,0.20000000000000018,117.0,-6.1715481171548126,0.4000000000000057,2.5828760475862023,3.140634787228147,3.091256621,2.41,-0.08000000000000007,-0.7000000000000002,-0.21000000000000002,0.28,0.7300000000000001,-0.27999999999999936,-0.20000000000000018,-0.10999999999999999,-0.020000000000000018,-10.4,-1.6999999999999997,11.700000000000001,1.1519681508890933,117.0,-6.1715481171548126,-0.08000000000000007,-0.7000000000000002,-0.21000000000000002,0.28,0.7300000000000001,-0.27999999999999936,-0.20000000000000018,-0.10999999999999999,-10.4
